,date,1m,2m,3m,4m,5m,6m,9m,12m,18m,2y
2018-02-01,2018-02-01,0.027688384739087992,0.03395650740264721,0.03154441972936526,0.029600032887421697,0.025994024362792936,0.029227427681556013,0.03155365284697667,0.026385749026337564,0.029058402876723607,0.030385845454583855
2018-02-02,2018-02-02,0.0274954387164659,0.03391406352623773,0.031468317372184855,0.029480330515020903,0.02586407386127995,0.02929468883855431,0.031560731374751676,0.026348459026818736,0.0290923521458509,0.0303430463669771
2018-02-03,2018-02-03,0.027277844355607296,0.03373617508910565,0.03156284555006983,0.02957425587618935,0.0257612081452476,0.02942887658563889,0.031452980133061,0.026525169120293294,0.028975506684199324,0.030446268792293726
2018-02-04,2018-02-04,0.027281961401371867,0.03382602255671316,0.031565329115797784,0.02966459588083838,0.02579407985185293,0.02927860087436718,0.03134891974618619,0.02653284632731588,0.029072005138710822,0.030594543358808332
2018-02-05,2018-02-05,0.02714833878705204,0.03383220027378985,0.03158960939540065,0.029696040693733744,0.025863346743574798,0.029276716562630763,0.031146921704365824,0.026491137977962226,0.028960026356998018,0.030402865526945388
2018-02-06,2018-02-06,0.027175205180275743,0.0339566643218459,0.03157012739641587,0.02948298053771497,0.025837432872988363,0.02924748209855146,0.03104203370365229,0.026455726333479365,0.02889124789242086,0.03041639323478693
2018-02-07,2018-02-07,0.0271663114457629,0.03393408646772731,0.03162217444413459,0.02934636331150501,0.025850205845819794,0.029315002369146928,0.03093006692707037,0.02670986696506696,0.02881691341436203,0.030535241779400195
2018-02-08,2018-02-08,0.027314188761413925,0.033949301006527266,0.03141441898264299,0.02937135144740939,0.0260200499592925,0.02938793119314543,0.030994554795643038,0.026471234814752487,0.028927917343981466,0.030530506094719932
2018-02-09,2018-02-09,0.027254598913030476,0.03386227982574195,0.03130169441860848,0.02931543318632601,0.026064115882317156,0.029445663313867033,0.03092205830322482,0.026312842893815306,0.02905465103257343,0.030626894275806053
2018-02-10,2018-02-10,0.02753408047365098,0.03381690259730481,0.031081229127960873,0.029348062277084603,0.02600877469736412,0.029272263459507515,0.03086503104258786,0.026295102046731224,0.02905676825742221,0.03073472152872723
2018-02-11,2018-02-11,0.027484350198983435,0.033981230610821304,0.0310353632702518,0.029330649708427824,0.025979480743415342,0.029338114535622517,0.030823895513058305,0.02637877060973766,0.02899967346977015,0.030629592330217933
2018-02-12,2018-02-12,0.02746995770564962,0.0337316554492187,0.031036746138952544,0.029286977208853166,0.026136720325546488,0.02932136296462268,0.030835748524191145,0.02621005247147413,0.029022613178801945,0.03059919087432652
2018-02-13,2018-02-13,0.02750341905799053,0.0338898948934474,0.0309260093077025,0.029078192710225638,0.02635826670869299,0.029470131614143358,0.030821319116757333,0.026285049238174367,0.02908641707975181,0.030563139325202094
2018-02-14,2018-02-14,0.02741999429665871,0.03374835573563541,0.030865049608987553,0.029336329009206574,0.026349802240927332,0.02947425529768881,0.030777480652153168,0.026247864087891655,0.02902419329036388,0.03060283610913231
2018-02-15,2018-02-15,0.02747856113604531,0.033862011906606,0.03103700032670034,0.029434691419046966,0.026314032211510296,0.029446842546648436,0.03077371990640277,0.02613398450408142,0.029078221292224524,0.030484973569142797
2018-02-16,2018-02-16,0.027504030565146716,0.0339480739699652,0.031033022039375184,0.029368505119482156,0.026436281519459245,0.02956639628717781,0.030799438091350797,0.02623149483503356,0.0290863409753777,0.03047961735954808
2018-02-17,2018-02-17,0.027611241637246882,0.03390351968026542,0.031141196946643857,0.029413362539309065,0.02649200945297026,0.029417316952353403,0.03077803059988409,0.026191708839243735,0.02923079019271187,0.030497427526328495
2018-02-18,2018-02-18,0.02743520873686728,0.033840173946958846,0.031203037778982805,0.029319779864300004,0.02632266767139814,0.029473770339938275,0.030871678951044996,0.026308849396159018,0.029221353537992587,0.03053192933646511
2018-02-19,2018-02-19,0.027522355137490302,0.033828005597458466,0.03128254341454159,0.029378173528383057,0.026323129818606905,0.029626832697988225,0.030978358113289504,0.026280071499347614,0.029190569380325788,0.03041601460827175
2018-02-20,2018-02-20,0.02752249273591439,0.033739572415085406,0.031190544713218367,0.02940480073697553,0.02624164543092354,0.029567524104781414,0.031076205168504317,0.02621427992691739,0.029258827643758662,0.030247090667381193
2018-02-21,2018-02-21,0.027484159280379856,0.033761148737516775,0.031164851262953586,0.02925470190888269,0.026086015221296322,0.029575742759908503,0.03103259567123823,0.02618192693699059,0.029181082237075186,0.030309024537289647
2018-02-22,2018-02-22,0.027335452081127563,0.03364458399069284,0.031234688228913957,0.02935853570409738,0.02607542469736623,0.02945851854795569,0.031184287527623214,0.026045489483602073,0.029150521515841063,0.030366379024192005
2018-02-23,2018-02-23,0.027461711348039486,0.0335395856893565,0.03136407731824059,0.02934812156737533,0.026108790210154664,0.02924957412863804,0.03089815153106546,0.02609192812154684,0.029013380754134635,0.030357372392139585
2018-02-24,2018-02-24,0.027502670501469144,0.0337402701847782,0.03122252389106213,0.029382571607733603,0.026152168569284328,0.02921957613592126,0.03103618766159133,0.026117096952769054,0.029052156281993292,0.030282648864265564
2018-02-25,2018-02-25,0.027426297983434267,0.033722527944747935,0.031228095065130364,0.029334945979903434,0.026071782997394176,0.029218284072810484,0.031021263108780554,0.026322662901676737,0.029099987705862702,0.03042458088435921
2018-02-26,2018-02-26,0.027382727187181436,0.03380960260040009,0.0310227790919302,0.029276203533671524,0.026076120109448396,0.029211807944622106,0.031254277067253804,0.026355987036814334,0.029181463714892122,0.030334493689295892
2018-02-27,2018-02-27,0.027549319492521013,0.03381297570753541,0.03093771375503497,0.02923318222968234,0.026241686860893957,0.029187226277860915,0.030999693583229685,0.026313895959706155,0.0291412614675666,0.030332851845277887
2018-02-28,2018-02-28,0.027467721982015067,0.03382271175280569,0.03095976106922176,0.029235778852591824,0.02614949896428757,0.029201178140731664,0.03094867703902197,0.02625545115697368,0.0290174433442989,0.0302614882398482
2018-03-01,2018-03-01,0.027694237011028754,0.03382017730034228,0.030964830420475972,0.029404347855556217,0.02620814374305728,0.029367747277520482,0.031021435772179126,0.026217668523085637,0.028926261696807013,0.030413745852784668
2018-03-02,2018-03-02,0.02756886131571817,0.03384492778298442,0.030964785547823535,0.02926310511434667,0.02619646961999708,0.029458605481285906,0.031009203373677467,0.0261921315904514,0.02887388759210087,0.03055056985639018
2018-03-03,2018-03-03,0.027611981333438354,0.03380201577559105,0.030966178776140687,0.029113944640272203,0.026059670504257955,0.0295650382930685,0.030945047278356643,0.02592232025015461,0.028838045001425207,0.030513383738606244
2018-03-04,2018-03-04,0.02762550688669246,0.03375285303287444,0.030999195962398366,0.02918382064254942,0.026069783554276346,0.029405069312888544,0.03105157201730315,0.025935854562694607,0.028754155116293475,0.030401985607252952
2018-03-05,2018-03-05,0.027553417430825535,0.03376320712820979,0.031009994911152725,0.029124807849538775,0.02614404326900603,0.029389782397398603,0.03100072118088425,0.02596331359153522,0.028761048139774797,0.030477265689425093
2018-03-06,2018-03-06,0.027486539375745956,0.03393071788440206,0.031208939431186307,0.029011539657631726,0.026137040795867796,0.029305505256779926,0.03089278676189448,0.026254109734027933,0.02868551889371136,0.030702801534970445
2018-03-07,2018-03-07,0.027375631849198768,0.03396361752602983,0.0313155539169083,0.02899235624134263,0.02602703080232564,0.029314259315472827,0.03074543927118614,0.026262795140699912,0.02885466318276079,0.03068040785301715
2018-03-08,2018-03-08,0.027278303661110597,0.033929694836257955,0.03147333817836035,0.029001167882732198,0.026168979807367224,0.029627832709279156,0.030592708033537225,0.02623678957398208,0.028946954065194208,0.03080497947338767
2018-03-09,2018-03-09,0.027405437444441124,0.03390639819222534,0.031516711200593274,0.029106832212681743,0.026353753979979255,0.02969373347321646,0.030596783554684488,0.0262175465615142,0.028839617562875154,0.03088231237958426
2018-03-10,2018-03-10,0.027430304709917336,0.034023288791771036,0.03156126734209334,0.029018172743728046,0.0264265947275433,0.02970750226071852,0.030508580135245603,0.026128457906949055,0.028855236365751224,0.03064461111797058
2018-03-11,2018-03-11,0.027292073095155543,0.033994597854068574,0.031536914134314906,0.02902344707966815,0.02633911218473859,0.0297619371119998,0.03063086485641106,0.02609432887050891,0.02896915950091978,0.030711613328161372
2018-03-12,2018-03-12,0.027388469155859154,0.03394000207828308,0.03144117444868759,0.0289937262360554,0.02647511041363992,0.029739413676676815,0.030638422858120587,0.025917541196955524,0.029008929693280252,0.03084565882101909
2018-03-13,2018-03-13,0.027301522317859334,0.03390637615348791,0.03136635859883386,0.0289142837408838,0.02632730699692512,0.0297883062706299,0.03075253130999262,0.026006420072689034,0.029032367564585933,0.030838927263828683
2018-03-14,2018-03-14,0.027020179600674245,0.03399016740403133,0.03130926196732944,0.028656141427543465,0.02648449157525779,0.02983332165312795,0.03084279697224318,0.026069897748775172,0.02905194949886888,0.031054372193074397
2018-03-15,2018-03-15,0.0269086942010671,0.03397008182090824,0.031037157677269143,0.028620336143162905,0.02652288910414142,0.029779473239049854,0.031086061224601162,0.025860789984058927,0.029043672169074157,0.03097818632542924
2018-03-16,2018-03-16,0.026934751914386316,0.03388378059561147,0.030929506925509883,0.02867565822752575,0.026522411538511672,0.029793211652800303,0.03111945597345391,0.025867188341214084,0.029035271095398836,0.031014098096202723
2018-03-17,2018-03-17,0.026931614500018616,0.033945519153640615,0.030928387856735257,0.028744608799141244,0.02626520046629258,0.02969088377948574,0.031080815164161942,0.025734387525617176,0.029008554729258007,0.031041169510462176
2018-03-18,2018-03-18,0.027035418153513402,0.03389830737534443,0.030856214713726234,0.02883197354392698,0.02626414659434917,0.02956658316679675,0.03080374535333995,0.025729895838723538,0.02893005947400331,0.03105158538881457
2018-03-19,2018-03-19,0.027251301927277097,0.03384517534670523,0.030945114794585112,0.02889736936572094,0.026162906801103936,0.029658763174804384,0.03079432076001515,0.025961693899959563,0.028842223120687675,0.03102347313285477
2018-03-20,2018-03-20,0.027449280791582202,0.033747988137980106,0.030928280903033106,0.02897458562278432,0.026187358882836066,0.029754179367437326,0.030827850354003754,0.026124050356580563,0.02864053224664067,0.03104071131974775
2018-03-21,2018-03-21,0.027514548689444678,0.033620498523523015,0.030860506599876866,0.029037730324901687,0.02624211775706575,0.029694200889455628,0.03079294996460797,0.026246281210112618,0.028630248076976755,0.031179465101542833
2018-03-22,2018-03-22,0.027542562444565554,0.03358508740838267,0.030865159950234925,0.02905047005584208,0.026158471353148097,0.029572640680748573,0.03075614759028964,0.026426927496086997,0.028620325534153872,0.03139620988930407
2018-03-23,2018-03-23,0.027507537798154222,0.0335539473170087,0.03094841983694867,0.02905522260213391,0.026198167941182477,0.029481300469967067,0.030604912372320537,0.026440065398545015,0.028588796799675402,0.031290419858352674
2018-03-24,2018-03-24,0.027543299147485056,0.0334340591689376,0.030789988701642748,0.02915982698277565,0.026142272065351923,0.029535113410570673,0.03040737322982037,0.026365925424258214,0.028925642695426607,0.03158367709097466
2018-03-25,2018-03-25,0.027520800525258234,0.033428051031222886,0.03079726618628384,0.02912158139057908,0.026177278108870834,0.029366740570501537,0.030493394982802072,0.02638525568439779,0.028834894682742855,0.031593558742066485
2018-03-26,2018-03-26,0.0275840648016583,0.03339614016429983,0.030736690325182347,0.02916013106346736,0.02605786642937527,0.029549644428361756,0.030725356546732963,0.026330316141006133,0.029098844285433145,0.03161178665299176
2018-03-27,2018-03-27,0.027563202900293095,0.033341005312544754,0.030743090383688713,0.029117092491636985,0.02611755240463783,0.029387902728899656,0.030657122525723782,0.026307150717738963,0.02891130500337025,0.03154842061600351
2018-03-28,2018-03-28,0.02767030846859672,0.03330491502928852,0.030718096175466905,0.029106652620182624,0.02618491494499224,0.029353192519339773,0.030698484769663227,0.026425149066452967,0.028763461741780263,0.031650045793145176
2018-03-29,2018-03-29,0.02761112026222037,0.03333568200136857,0.030695670019691278,0.029266357389803623,0.0261907153369163,0.02918960763599331,0.030629709664824034,0.02637532198571098,0.028687425153126823,0.03157142252164282
2018-03-30,2018-03-30,0.027544428075872894,0.03321733591729784,0.030780333453849344,0.02920999021082975,0.026193353324601463,0.029218008718691117,0.030598116201022103,0.02631196027244439,0.02859302399555122,0.031662084095518926
2018-03-31,2018-03-31,0.027500692183104233,0.033020444960782755,0.030735387881259284,0.02923562051759708,0.02629274360125962,0.029066964800489703,0.03088980564956057,0.026285017159678587,0.02862647326279791,0.03167463145290679
2018-04-01,2018-04-01,0.027606635535304045,0.03296449962358508,0.03060986712642772,0.029313362579332827,0.02646868108576149,0.0288110048034702,0.03086717556796849,0.026453084283137147,0.02865971675965855,0.0317207699995678
2018-04-02,2018-04-02,0.027873588581429406,0.0327705112710416,0.030725402470221375,0.029328313348377717,0.02643126568162356,0.02878527846465767,0.031079141722883643,0.02646208686939256,0.028673650761939586,0.0319128514024867
2018-04-03,2018-04-03,0.027845439979102878,0.03269222942399235,0.030624524849637864,0.029266995819683134,0.026465592115167205,0.028782046237769896,0.03096357289728949,0.02639294883985671,0.028676681621541026,0.03182236926751784
2018-04-04,2018-04-04,0.02800686938055353,0.03274767826917871,0.03059402826198302,0.029200583435713585,0.026388716675278322,0.028851802512502696,0.031090178907972558,0.026321049662071237,0.028613810827626887,0.031746615017811904
2018-04-05,2018-04-05,0.02791553427274248,0.03274353378231997,0.03061519647000817,0.029238690073535828,0.02663277479219618,0.028790592631161183,0.031128253217411188,0.026222389552336564,0.028670014061845946,0.03178842830389228
2018-04-06,2018-04-06,0.027932957873874203,0.032657484811309555,0.0305059955600257,0.029310713034357345,0.026770315909509932,0.028811468411687597,0.030991425735430792,0.02616684010027094,0.02875329425002894,0.031802502763849286
2018-04-07,2018-04-07,0.02781462150600638,0.032741065329641696,0.03052485993566571,0.029122027731976086,0.026748845637645707,0.028942144667565624,0.031060400008975014,0.026278662994272128,0.028676727733812135,0.03184329284254476
2018-04-08,2018-04-08,0.02787688067116521,0.03270128362821757,0.030752976039253935,0.02910295751160541,0.02671844240422788,0.028802050817938962,0.03101963206413802,0.026494025430871142,0.02863192315625203,0.03176010806578569
2018-04-09,2018-04-09,0.02794029188745697,0.03254902800681274,0.03075414264174019,0.02890566924869127,0.026703389687561717,0.02879042286614475,0.03100096728310641,0.02641083188157636,0.028910837052724053,0.03173379133140932
2018-04-10,2018-04-10,0.027958204360306924,0.03243875183463096,0.030663800986315354,0.028850090188699294,0.02657277843324582,0.02881887748999121,0.030876438018476664,0.026321942218673046,0.028960291881765916,0.03168475610764511
2018-04-11,2018-04-11,0.02797497581089772,0.03248073235589988,0.030592858165251553,0.0285408332256934,0.026796471849117817,0.02870914300932098,0.030732619400814176,0.026174122178554193,0.028736665530992613,0.03174932949607473
2018-04-12,2018-04-12,0.027873749017923048,0.032476816992089985,0.030494843322006124,0.028567514358121535,0.026955270400829165,0.02872244856732697,0.030682899929326334,0.02616180170915804,0.028746159105383168,0.031766274299870334
2018-04-13,2018-04-13,0.0278522943041311,0.03229112376087617,0.030487753395796954,0.028593269467827007,0.027043391058028273,0.028748095986773966,0.03076545798816433,0.02619992957706464,0.028685923593333246,0.03172828199402442
2018-04-14,2018-04-14,0.028067810220691613,0.032389368351630796,0.030482866119669643,0.02856730205047025,0.0270359375695319,0.028699532526823387,0.030818959121898897,0.02608275274001634,0.028746634415038448,0.031682585627051445
2018-04-15,2018-04-15,0.02807449517830696,0.03245519310821643,0.030728557723314797,0.02835309590556464,0.027214217702341753,0.028956349640114558,0.030731257395001148,0.02619879449393046,0.02869050563986561,0.031726322475821196
2018-04-16,2018-04-16,0.028241994672867737,0.03252475438401551,0.0305592171019608,0.02837672840271595,0.027108669343826563,0.02894213320852691,0.030983103966734513,0.026241760608181054,0.02868027978037841,0.031798112119656365
2018-04-17,2018-04-17,0.028220327276362013,0.03266008682078162,0.030520955726043922,0.028443501790120163,0.027006552720936196,0.028886081397442347,0.030818003017099832,0.026071489230137444,0.0285202528639688,0.03195451657133169
2018-04-18,2018-04-18,0.02826055064212676,0.032702233291574984,0.030464104652625352,0.02827634043224178,0.02687202890358173,0.028901291841227243,0.03070604725658204,0.026152325914974642,0.028551400682523705,0.032068750488954946
2018-04-19,2018-04-19,0.028366228321039688,0.03276692127852741,0.030672818853645374,0.028252455707368705,0.02690041410055302,0.02877046437391369,0.030632739598485434,0.026259190291231277,0.028498432149923827,0.03198306376471434
2018-04-20,2018-04-20,0.028401275732715888,0.03269367071964608,0.03058389246320751,0.028298038669611815,0.026792618992290726,0.02870861810001446,0.030681917697407638,0.026204738170783583,0.0283754038110094,0.03189271597001719
2018-04-21,2018-04-21,0.028537078656853655,0.03271642927099225,0.030555879319652535,0.028270408774638874,0.02676124824030207,0.028631301190298237,0.0306126106035355,0.0262568214908837,0.02837939094522312,0.03178267334422518
2018-04-22,2018-04-22,0.02854676620835942,0.03273992236421342,0.030738328558603624,0.028026092394149105,0.02683521975574791,0.028642164489784207,0.030565301090982128,0.026176956329036213,0.028550487234421346,0.031687856405714074
2018-04-23,2018-04-23,0.028607303718502924,0.03265432290409291,0.030690974727983957,0.02797130423602571,0.026939846264504904,0.028610078034335663,0.030531021884831706,0.026357517319320217,0.028527108655711668,0.03171748437425994
2018-04-24,2018-04-24,0.028667439732053275,0.03262362777099125,0.03066239869482363,0.02788632435654201,0.026909592257611397,0.028648106467321195,0.03028285217326678,0.02637846116786999,0.0285396397405695,0.03175961757180955
2018-04-25,2018-04-25,0.02877574005178751,0.032734700747065,0.0307917097873428,0.02777887084165278,0.026946155914678874,0.02865944897958387,0.030247888767731237,0.026353487122044526,0.028675203265252403,0.031877774094051896
2018-04-26,2018-04-26,0.028859603727220066,0.032660419657961556,0.03072134532253728,0.02778586631371632,0.026869476957564573,0.028704958057648725,0.03023612559507336,0.02651579051179664,0.02871307892421587,0.031900354258393875
2018-04-27,2018-04-27,0.02874155346247225,0.032581151838695956,0.030642708712296216,0.02777727807300809,0.026796289431905,0.028528447625561715,0.030213170474001124,0.026644609905875864,0.028933573635149083,0.031933902613105795
2018-04-28,2018-04-28,0.028783343393705807,0.032624413449786935,0.03044210013663819,0.027982523177681375,0.026523142201115242,0.02844430744157621,0.030143784474135935,0.026785342944125948,0.029032773289830397,0.032022702505119426
2018-04-29,2018-04-29,0.02876449676597965,0.032547297974703404,0.030432589204102405,0.028025211355369662,0.026462027327924083,0.028252449171264016,0.03012506259653442,0.026748094274947527,0.02899621336142898,0.0319828857476024
2018-04-30,2018-04-30,0.028661240994169633,0.03267281078023745,0.030517380462412487,0.028158298406722144,0.026421016117463066,0.028237781591217714,0.030049539908255207,0.026574605527634958,0.029230577951342318,0.03191882909389178
2018-05-01,2018-05-01,0.028703496822734872,0.03251020654128252,0.030305231105330992,0.028244406757749366,0.026374150681117165,0.028105810133602544,0.030077798118378844,0.026534995716966957,0.029171587901784084,0.031933144229459004
2018-05-02,2018-05-02,0.028588444929221395,0.032460343382553436,0.03036413276020419,0.028334635744285703,0.02630319445340471,0.028164240637976384,0.030198914109082278,0.026509623249130598,0.02921865198227299,0.031876166223501284
2018-05-03,2018-05-03,0.02865752802006476,0.03219790458780825,0.03022247040160899,0.028415000666752226,0.02623115573343069,0.028302228797840976,0.030075386057599875,0.026431269624826927,0.029237929045547863,0.03208296029673713
2018-05-04,2018-05-04,0.028854729296368443,0.03210862247556061,0.030110048259481353,0.02845034274255218,0.026282562272564133,0.02837281653503723,0.030228154208234933,0.026329985284680155,0.029213221271431937,0.03192856292010704
2018-05-05,2018-05-05,0.028832404591789536,0.03201399221940399,0.030083976025154956,0.028536195888967927,0.026110209297363098,0.02826884192926647,0.030281619872706105,0.026423748455589115,0.029178812484050118,0.0319612426116545
2018-05-06,2018-05-06,0.028857516010836037,0.03209963913441795,0.03007115353086607,0.028635186877654678,0.026165932625118276,0.028169183280314175,0.030300651890944066,0.026471233608461667,0.02912024592063551,0.03192099966946839
2018-05-07,2018-05-07,0.028892485277546613,0.0320406952293586,0.030004776851669794,0.02848036806319316,0.026240002461452114,0.028101902875266913,0.03042564895251895,0.026298306220516196,0.029179576858233285,0.03182576030499341
2018-05-08,2018-05-08,0.02874819615224081,0.03194486840389425,0.030098073088230138,0.028530254446739713,0.0262305157656041,0.028225590791793497,0.030235414218689582,0.026453989317919233,0.02910972166331271,0.03186668596748517
2018-05-09,2018-05-09,0.02862361768260252,0.03188216798754125,0.030171444173312252,0.028626091340517107,0.026240798391799675,0.028163038610917374,0.03029088029640753,0.02634050626289977,0.028920347676953184,0.03187413079050595
2018-05-10,2018-05-10,0.028648520558549422,0.031977040961972326,0.030189165438773313,0.028569011237326376,0.02624767058055537,0.028181772436507532,0.030342779308236756,0.02632972134083328,0.028814705903485057,0.03184149275215216
2018-05-11,2018-05-11,0.028679268384105807,0.03206035038929256,0.030197040689862707,0.028436929188602866,0.02636603406800819,0.028355221151470027,0.030311771607298282,0.02634883225540883,0.028735655031827484,0.03189662519916188
2018-05-12,2018-05-12,0.028721067395565267,0.032299471737999026,0.03013818685410894,0.02827751534155762,0.026317617963311044,0.02842852226373969,0.030427591845761433,0.026478904653940115,0.02860007652139718,0.03204272186599395
2018-05-13,2018-05-13,0.02874434108899544,0.032359819052589806,0.030250162476640616,0.028438132692118978,0.0264566336788049,0.028624857355340903,0.030541564793708606,0.026356312249712563,0.028557528873649204,0.03202593723907017
2018-05-14,2018-05-14,0.02884670338804757,0.03229492423751475,0.030305120316655516,0.028357222620560764,0.026375378235880882,0.028451129644074133,0.030533037403553558,0.026308066324885897,0.028618439304728467,0.03189241133463514
2018-05-15,2018-05-15,0.028758770076310607,0.032119368567455835,0.03033797380415414,0.02843695874932713,0.026139835905583792,0.028301652184648685,0.030493770946583156,0.02612758985272633,0.028585808189295785,0.03193449962155662
2018-05-16,2018-05-16,0.02869041903381879,0.03206080882123858,0.030370137096153074,0.028239660252729327,0.02610428179665741,0.02829506542280854,0.030355460343301156,0.026080912164923205,0.02850770384645308,0.03163501304258719
2018-05-17,2018-05-17,0.0287129459374719,0.03206225439835389,0.030123791719277527,0.02823101444986758,0.02611098542845928,0.028465889893902013,0.030295127374120382,0.026217356462429852,0.02860354312809289,0.03168213613345163
2018-05-18,2018-05-18,0.028538691267886326,0.0320038824610305,0.030131898757252685,0.02822486352278907,0.026001921441211013,0.028609843871537633,0.03061812549690605,0.026170225339698722,0.028536361169790112,0.031788386544236526
2018-05-19,2018-05-19,0.028596752631863644,0.031937367206709706,0.03028118403132117,0.02823451934368132,0.026244966476876016,0.028479780879817226,0.030830546836331293,0.02597009257543003,0.028571212872246815,0.031722485430529475
2018-05-20,2018-05-20,0.028367726690257184,0.031871266785608546,0.030275250541314705,0.028223117042503437,0.02613555497397031,0.028412650128536436,0.03087709052741291,0.025997105793208762,0.028428286710275245,0.03169107425330576
2018-05-21,2018-05-21,0.028327347588526786,0.03184539329392003,0.030098755117825223,0.02805305314789534,0.026351383411002422,0.028584191569463062,0.030915699828104742,0.025902404571399903,0.02825762271706939,0.03152830606230635
2018-05-22,2018-05-22,0.028375596904516933,0.03193477183669804,0.030158927610351216,0.027965848729523568,0.026266096620954055,0.02881748545719632,0.030911468358685384,0.025955936274008173,0.028304080687359193,0.0313063905540258
2018-05-23,2018-05-23,0.02847205027169662,0.03191572046337463,0.030278571135824897,0.0279132908884435,0.026310236185148203,0.028810981755984278,0.030827455749776207,0.025875570741383486,0.028397771272398578,0.031361616567689744
2018-05-24,2018-05-24,0.028413614747845015,0.03189666081844395,0.030200479993848013,0.02793010231749691,0.026290841274658985,0.028838945085462562,0.030945259734048998,0.025691543145209328,0.028367672707418513,0.0312618628396554
2018-05-25,2018-05-25,0.02830889689014906,0.03190936326300016,0.030192159889106705,0.027903837366666608,0.02616844690379891,0.028773830860142575,0.03095057914762669,0.025816886377214555,0.02856338019380157,0.03121525663823295
2018-05-26,2018-05-26,0.028318416912342312,0.031873126524014334,0.03011165899105404,0.028099534169441363,0.026160471781333707,0.028884687098590253,0.03101725182936489,0.025776926770673052,0.028469603973366862,0.03129974968856644
2018-05-27,2018-05-27,0.028395876905913952,0.031956191299860444,0.029934961336191675,0.028197028978335606,0.02610490242289711,0.028817225397335305,0.031165471050985685,0.025864785267803815,0.02854490061842965,0.031196907245545837
2018-05-28,2018-05-28,0.028418436832386103,0.03191715796669345,0.03003949452653538,0.028102171780758106,0.025937644927842545,0.028959087014843565,0.03101544059197381,0.025903941924621643,0.028495935056206644,0.03127399894665532
2018-05-29,2018-05-29,0.02845117900994123,0.03189345127815154,0.03031872286039073,0.028083091110653886,0.02598260505549031,0.02892897557937447,0.031000275800818936,0.025916232262087734,0.028542921309722018,0.031277474507776175
2018-05-30,2018-05-30,0.02841496685589713,0.031849729425953696,0.030307133486062215,0.028161745620344854,0.02592785282458112,0.028849313288666082,0.03095876416798551,0.025944057710817998,0.0284416607129257,0.03128088092261633
2018-05-31,2018-05-31,0.028495930922831092,0.03162506500792336,0.03039926075163538,0.028022596389426606,0.026240139583772665,0.02888439068929633,0.03101164106601537,0.02601499532034871,0.028535100485519865,0.031207293295810696
2018-06-01,2018-06-01,0.02832230080941994,0.03155304230847078,0.03053652507233362,0.02803984283314288,0.026117289788526322,0.028773230500341525,0.03093530311237885,0.02603013956066907,0.028574464109004494,0.031079216725687923
2018-06-02,2018-06-02,0.028401623244235563,0.03155086077944227,0.030591197703549382,0.027988486314906073,0.026038260556041182,0.028616361648298613,0.03091207859405447,0.02605101834057748,0.02867376509480527,0.03096713870454305
2018-06-03,2018-06-03,0.02853204643665801,0.03137522924618293,0.030656518399007637,0.028027922464015097,0.02608456083889643,0.028723520726114202,0.031041676757026914,0.02605780067717661,0.02880711711175486,0.030793749016884666
2018-06-04,2018-06-04,0.028527248761576373,0.031453611197035825,0.03065593867290407,0.02793095079349531,0.02596144728142966,0.028901278670332847,0.030966774860492968,0.026055478858206218,0.02878709403165663,0.030862787434299623
2018-06-05,2018-06-05,0.028651418096428113,0.03141009230751841,0.03062141870278084,0.02783455329881161,0.026127807147097885,0.02881982234795885,0.03090054262943066,0.025971221362329957,0.028610308393002992,0.0308134200998574
2018-06-06,2018-06-06,0.028780180075646485,0.03135472908233361,0.030560552590558912,0.027896279481214373,0.026036560090077234,0.028778529429396193,0.030973629904839126,0.02594444036001909,0.028668712804072842,0.030695517671694997
2018-06-07,2018-06-07,0.02865113855622315,0.031260312178856574,0.030574567882598453,0.02782175575704705,0.025933735792245446,0.028741199910304476,0.030914240939437305,0.025952333056982944,0.028640117071570714,0.03079501788415392
2018-06-08,2018-06-08,0.02872825339788503,0.03122243625827838,0.030662671375552467,0.027679493068862988,0.025865751783604476,0.028625481613089518,0.030911910633678208,0.025812081138284426,0.028577223447738897,0.030996847601291573
2018-06-09,2018-06-09,0.028632072713475846,0.03125750937817192,0.030606354089201954,0.027581764263781883,0.02594667846742687,0.028594169656296214,0.03074930120783166,0.025744640479185423,0.02864753062273813,0.030884449859918783
2018-06-10,2018-06-10,0.0288793064974832,0.03146698280397377,0.030671022726725658,0.027781851021723713,0.026015573403808435,0.028667221960091433,0.030598147501956337,0.025772520835693404,0.028606987138073716,0.030849878677870146
2018-06-11,2018-06-11,0.02897645295945359,0.0315970091530886,0.030579088583940227,0.02784493890439758,0.026296738621736385,0.02863652369483638,0.03042801407647068,0.02599563916540181,0.028636489570529732,0.030788187783422186
2018-06-12,2018-06-12,0.029037175173433957,0.03161859597088331,0.030478097314854513,0.0277771068520818,0.0262218908257726,0.02845571996665029,0.0302043580506919,0.02611931513268928,0.02855104497169387,0.0307184572465136
2018-06-13,2018-06-13,0.029148912091095658,0.031520871274209016,0.030511912390472302,0.027791873604187466,0.02637167782137944,0.028484894645348594,0.030244841866770348,0.02620264695324994,0.028343700461771683,0.030537204355755777
2018-06-14,2018-06-14,0.029125823376584346,0.031581500654253615,0.03046600058054701,0.027743836164561057,0.02643080718239922,0.02842444952316801,0.030306817363859043,0.026040436658074144,0.028353152465920475,0.03055938894245063
2018-06-15,2018-06-15,0.02914868258857951,0.03179496076355848,0.030644847785216544,0.027619585482323978,0.026593651435333574,0.02859602073939722,0.030287142228368428,0.026034089382569833,0.028395728349877844,0.030490992086475436
2018-06-16,2018-06-16,0.02903102391769219,0.03186486621545804,0.030769761830980468,0.02756976886460028,0.02669563815680837,0.028738418983747408,0.030349880011962527,0.025946126603814873,0.02853822833257324,0.030359633140026644
2018-06-17,2018-06-17,0.02891506970734966,0.03197524226019183,0.030913715209144103,0.02741311894806285,0.026776609740089108,0.028823514494385444,0.030202778550509794,0.025945451227060018,0.02857170769565419,0.030205192272174948
2018-06-18,2018-06-18,0.028957438395933902,0.03206931525569669,0.03066395976238797,0.027306809060955377,0.026677488087433164,0.028814442036737834,0.03024280323908999,0.0259708620553851,0.02860967190557254,0.030193966299605537
2018-06-19,2018-06-19,0.028972357356424783,0.03191285235620543,0.030602436603203876,0.027318466289613482,0.026482915902003513,0.02859500980177394,0.03005890880836194,0.025880728035032798,0.028676918210998346,0.030333116115032106
2018-06-20,2018-06-20,0.02884616181656327,0.03189445888476592,0.030611681256791624,0.027290677122192738,0.02649101444669631,0.028531666798939703,0.03002530320030871,0.026067681206500194,0.02873543976192385,0.030426705220747665
2018-06-21,2018-06-21,0.028780524337836795,0.03201850319268877,0.030616850856320963,0.02721228630129459,0.02662904740866649,0.028620597030901026,0.030045100008363388,0.02583522259090505,0.02886804226049165,0.03046318695045766
2018-06-22,2018-06-22,0.02876788525161592,0.031984693861752546,0.030708004657522235,0.027122826623140278,0.026608994635299147,0.028479943424842245,0.03008424557837819,0.02580115578934467,0.028939160506584093,0.030479227846456906
2018-06-23,2018-06-23,0.028816560487210048,0.03206719248412498,0.030805499739358568,0.027091730422947036,0.02668076006262171,0.0286402720741807,0.030028635614747147,0.025784305673379998,0.029003531629150366,0.030494385387546598
2018-06-24,2018-06-24,0.028979416109981674,0.032072906521907855,0.030692162071262113,0.02705451957273153,0.026681099568488357,0.028608458621933362,0.02992008622605996,0.025495020180340916,0.029064124229205707,0.030864396741750934
2018-06-25,2018-06-25,0.02914284518745557,0.03201119392847576,0.030720853619518047,0.02715844660817971,0.026591934604300826,0.028683372520664233,0.02984060372777259,0.025735528783359034,0.0290575480444702,0.0308342479160124
2018-06-26,2018-06-26,0.029303829757335947,0.031996030869884534,0.03067249050228113,0.027233652891750584,0.026536760908902463,0.028625022869839468,0.029891029719894432,0.025879358239292934,0.02915080275023694,0.030757417047946378
2018-06-27,2018-06-27,0.02931770361629227,0.03208004255577718,0.030599758204869633,0.027130073424608984,0.026560173796713202,0.028600801998958002,0.029957059547184205,0.025828227118961,0.029101322447638495,0.0308243871958457
2018-06-28,2018-06-28,0.029412021771821624,0.0321796179119816,0.03051895648613181,0.027100311275113795,0.02643830119127281,0.02870707864541357,0.029869943399803926,0.025838870580006053,0.029110596195082192,0.03085465314017281
2018-06-29,2018-06-29,0.02918890516032107,0.03207995099377238,0.030368639903095653,0.027013832924156708,0.0262583782004545,0.028736591744260145,0.02987797140928008,0.02585095436599339,0.029028146051327367,0.030857467294988457
2018-06-30,2018-06-30,0.02926161921787702,0.03196050520645301,0.03044709183255145,0.027096475340953163,0.026258871937260432,0.02879024108547389,0.029857702365809962,0.025936907346266524,0.029024378755692727,0.03111286583592261
2018-07-01,2018-07-01,0.029446400194387812,0.031976256833534326,0.030360496170932207,0.027010448508554948,0.02638023048442865,0.02869048894688193,0.02985963194255691,0.02601532572093804,0.029037950576309736,0.031086437240035104
2018-07-02,2018-07-02,0.029391194504731558,0.03192427111385454,0.030395877408630298,0.02694166447153292,0.026333639882911136,0.028657546238415654,0.029925873548164752,0.02609256119660998,0.029145342277957082,0.031150510781172577
2018-07-03,2018-07-03,0.029506569090577035,0.03173012796079886,0.030274985858122543,0.027045538049112968,0.026251543516360474,0.028740574955655053,0.02993202490305296,0.026118033394174466,0.029126338128639375,0.031105169644731093
2018-07-04,2018-07-04,0.029595863774494097,0.03174523049317617,0.030226449199659944,0.0270360899185684,0.026120863369716175,0.0288148500385235,0.029900537594272473,0.026103819084276017,0.029137068498912136,0.03099021868009127
2018-07-05,2018-07-05,0.029427063767330338,0.03145917461319462,0.030336262693641775,0.02710883594905656,0.025977290614128894,0.02894529971247872,0.030032312752679285,0.02612961268469774,0.029286300637043645,0.031063497558546368
2018-07-06,2018-07-06,0.02941340220576305,0.03142502928737398,0.030232853553994105,0.02717177867360778,0.025979965531121606,0.028994782385297912,0.030003126220989832,0.02607145807207935,0.0292198653865621,0.03113897749490761
2018-07-07,2018-07-07,0.0292837758671279,0.031248614514484876,0.030188796558645755,0.027291725961615446,0.025829095579837244,0.02896713250860843,0.030031758243726468,0.026117568691831006,0.029390614906332716,0.030977284498753654
2018-07-08,2018-07-08,0.029178148932509328,0.03113172938494931,0.030167232812856586,0.027405540148552367,0.025811931707675234,0.028992950421954707,0.029917759913993935,0.02615948320219324,0.029168591949655723,0.031045720509309586
2018-07-09,2018-07-09,0.029198485803604082,0.03123614540953917,0.03005469458964739,0.027380412183015745,0.025906891291634933,0.028889631796742008,0.029824930104375036,0.026191644699184714,0.02919981139501812,0.030935696397374042
2018-07-10,2018-07-10,0.029330689812597364,0.031329987389772516,0.029953267208802096,0.027160306205338176,0.02570242716778183,0.02885112376105051,0.029882337851216748,0.026167070121788268,0.029246248763379838,0.03097813166617732
2018-07-11,2018-07-11,0.02934177396259095,0.031343444796446206,0.02970112324759687,0.027218961703253053,0.025799465845478466,0.028819753392413723,0.029796098556808703,0.026004105919801308,0.029159967637260018,0.030813305342237165
2018-07-12,2018-07-12,0.02952615170402747,0.03137613945217871,0.029659751361704276,0.02719564761035218,0.025867294525573896,0.028792819426313357,0.029876039857335755,0.026159324334725464,0.029192812670773855,0.030836747646256633
2018-07-13,2018-07-13,0.029487013061336602,0.031213373940700184,0.02968888691371257,0.02724716403093541,0.025651339008385333,0.028956951861839605,0.029880004303497115,0.02604228473328267,0.02931726564491107,0.030762270526442766
2018-07-14,2018-07-14,0.029537512825595337,0.03117664442077787,0.02949249102538134,0.027257774979009986,0.02585280379666177,0.02901021843445836,0.029976377499491124,0.026115333232608593,0.029205531741849308,0.03071946256146603
2018-07-15,2018-07-15,0.029434736353183256,0.031107471743287488,0.029576891120006596,0.02702203081335534,0.02581650092093027,0.029139294367857112,0.03002363175168704,0.025977035737593815,0.02914343746715075,0.030613477601604447
2018-07-16,2018-07-16,0.02937162504793168,0.03111693618794261,0.02953777665812878,0.02712905759089277,0.025970271782859378,0.029052522996873255,0.029829509377695875,0.02577705281577046,0.029223864598260568,0.030715955461099873
2018-07-17,2018-07-17,0.02943476964289525,0.03114931295634818,0.02955182088903508,0.027090366681196312,0.025976199727347368,0.028862815512193378,0.029777566517173407,0.025717056550527553,0.02927639600075048,0.03073552908004472
2018-07-18,2018-07-18,0.02952803708721897,0.031048145151457554,0.029483070006204936,0.027247343334390408,0.026040965577380185,0.028843385770184738,0.029608201466438895,0.025675720839522683,0.02941018141802782,0.0308076366451267
2018-07-19,2018-07-19,0.029353422179082534,0.03097238664930703,0.029325999006918943,0.027369982130758783,0.02619660409459479,0.028901347631177722,0.029725431612437413,0.025630125695530942,0.029427461274549507,0.03098734922983701
2018-07-20,2018-07-20,0.02924978624606471,0.030900986265018013,0.029252981625882635,0.027493665347909847,0.02623156785770462,0.028923924846664235,0.029772756140790408,0.025482195579328872,0.02919914990636788,0.030971393938805842
2018-07-21,2018-07-21,0.0292847949832229,0.03072850676167058,0.029360891676807367,0.02756669035986647,0.026324459624556807,0.028839048608290275,0.029719396497114046,0.025303151984763933,0.02918341198602007,0.031125273481003295
2018-07-22,2018-07-22,0.029253477335523807,0.03064842154490563,0.02946314429148071,0.027560158662800868,0.0262877594887192,0.028687418266710223,0.029781624294751757,0.02526074168157177,0.029338216905759214,0.031202018308325342
2018-07-23,2018-07-23,0.029264333521947596,0.030631181471665443,0.029638809008586783,0.02759810814028766,0.026282620941142948,0.028697108025612133,0.029849856213236974,0.02522278625167745,0.02932351976114004,0.031157085886350935
2018-07-24,2018-07-24,0.029098826231712272,0.03061668146827297,0.029737173640031412,0.027673144710897497,0.026352699926794197,0.02871489819365657,0.029871614221215655,0.02514660638538811,0.029388398878285017,0.03118094787156451
2018-07-25,2018-07-25,0.02910982009644112,0.03071895540824344,0.02966550989486518,0.02775146879819879,0.02633591204765681,0.028689381025913653,0.02995543557692521,0.02516051029123105,0.029391701907228042,0.0313381231137393
2018-07-26,2018-07-26,0.02912650450169334,0.030759793830967348,0.0295690024839419,0.027744318190589652,0.026264781581595915,0.02877206823064457,0.03001393332257071,0.025048103310925062,0.02932078133668178,0.031297990776181395
2018-07-27,2018-07-27,0.029130303098636814,0.030728040796250574,0.02965544273100024,0.02774441281253604,0.026262837967985925,0.02865861442974809,0.02997845444021055,0.024968819730974045,0.02930128038981583,0.03111665160529462
2018-07-28,2018-07-28,0.029235897743677575,0.030606620409808164,0.029663774628911444,0.027849440635366526,0.02606188339000326,0.02852021543558932,0.030045683422102093,0.025232505637637775,0.029464311061591218,0.031046610931329606
2018-07-29,2018-07-29,0.02913691789728974,0.030718743564861428,0.02936333477596857,0.027926418126385688,0.026022292131605698,0.028579055241716028,0.030055053301907098,0.025264371461783723,0.029707363405934172,0.031218557320957286
2018-07-30,2018-07-30,0.02915516890656076,0.030873353759277026,0.029309254205488806,0.027888892234026807,0.0261086607758133,0.028511798998752842,0.029844196002241027,0.02529389949623837,0.0294677601936739,0.031188984853394722
2018-07-31,2018-07-31,0.02920996953036751,0.03093795549770469,0.029189766153661617,0.028022948604854176,0.02614737356149265,0.028393958820917616,0.029740032901342122,0.02517382304889286,0.029530262032260748,0.031049108230141093
2018-08-01,2018-08-01,0.02922383440707155,0.030887961549295743,0.02908671587465901,0.028003173458058337,0.026022048246812528,0.028316342631082046,0.029677680627132153,0.02519674984976587,0.029412986184379188,0.031029409071810208
2018-08-02,2018-08-02,0.029184839980455266,0.030788357202159965,0.02905351263613018,0.028153997283362063,0.026036121584841376,0.028356483001616053,0.02977117803699953,0.025182269262019677,0.029254725739983386,0.030999280608787618
2018-08-03,2018-08-03,0.029198278238149338,0.030721487576840883,0.02905786844599339,0.028099315601218776,0.02605363146549141,0.028355362846183868,0.029785014514715758,0.025166272429779413,0.02923346633810427,0.030977958999047366
2018-08-04,2018-08-04,0.02905964204868545,0.030745221310833747,0.029007209534310983,0.028165492244974367,0.026001516128305976,0.02823502170103413,0.029823916393417995,0.025277658303042433,0.02909865144920717,0.031021195066937263
2018-08-05,2018-08-05,0.02902349848458501,0.030634670340963628,0.028935599227840617,0.02823430790942685,0.02609897027875874,0.028261379404155525,0.029896294367285362,0.025395616129581924,0.02912660703541605,0.030953126010148695
2018-08-06,2018-08-06,0.029070300969489798,0.03072781062477783,0.02920414912250336,0.028259488604609424,0.026083469668908666,0.028190739764693117,0.029673332422168557,0.025234981166480725,0.02919745734887877,0.030907287103016046
2018-08-07,2018-08-07,0.029166732733169495,0.03078080685679751,0.02927178419386262,0.028271138413643124,0.026111856747614993,0.028342778148876903,0.029650723678493935,0.025089272624885868,0.029129761734730593,0.03104476371732459
2018-08-08,2018-08-08,0.0289801539521291,0.03063218253788965,0.02925406737326111,0.028196862414342775,0.026013836305053804,0.028389384770613958,0.029666585938144033,0.025122109108895844,0.029081968564657557,0.031249426042637585
2018-08-09,2018-08-09,0.02890688547734743,0.030654909241105296,0.029285313347640812,0.028193416360513528,0.02603036482531161,0.028347542838830505,0.02977684773896101,0.024987448139710187,0.028994189314019446,0.031144979417432016
2018-08-10,2018-08-10,0.028838394452312663,0.030902323723462723,0.02915364895864532,0.02826298988726201,0.02598665727682667,0.02825762873834218,0.029775327835658533,0.02499127855590038,0.029181032693931963,0.031098403264249636
2018-08-11,2018-08-11,0.029011478637726153,0.03092528562208566,0.029095585906637703,0.028308459590085575,0.025936129245734945,0.028305921527015984,0.02965830094849565,0.025036166774077294,0.02910201101563402,0.03107423526098353
2018-08-12,2018-08-12,0.029151513064222093,0.031005992395166465,0.029328028807015783,0.028287160831096368,0.026055938051976233,0.02846970644388226,0.029756411314750677,0.02502881011511207,0.02900707406487816,0.031017283665449254
2018-08-13,2018-08-13,0.029024582221737767,0.030991592488565298,0.029389576858062844,0.028351079798931565,0.026179911328582668,0.028282888261284746,0.029693690369045265,0.024785833202125702,0.029077881455491752,0.03092325479652459
2018-08-14,2018-08-14,0.029043631378617474,0.030781302061679994,0.02949011080791636,0.028184447456479782,0.026166434588738272,0.028453171122416743,0.029753466261619902,0.02482330519505389,0.02903511257695862,0.03107845176275115
2018-08-15,2018-08-15,0.028857223553559453,0.030661692084225135,0.02937997921083583,0.028138906252471375,0.02638894699281584,0.028430427806199973,0.029647954925375006,0.024680677285872244,0.029123020566307643,0.03112876424751891
2018-08-16,2018-08-16,0.02884402769528957,0.030483385695706206,0.02922168349386721,0.02806885616262774,0.026298168869392687,0.02831984179235473,0.02946613924271858,0.024626392621912033,0.029331218662808613,0.030989374744844082
2018-08-17,2018-08-17,0.029022085417429785,0.030658816484218216,0.02912369468337727,0.028035390644480195,0.02643978228109093,0.028261816479607613,0.029493653001932463,0.02458802387546372,0.029299065968956744,0.03089407339194757
2018-08-18,2018-08-18,0.02896124555265691,0.030567904757246647,0.02910164599445884,0.028026091960572905,0.02650169208983265,0.028287031927380933,0.029436394816353222,0.024486690920919617,0.029300733312963557,0.03080432344293304
2018-08-19,2018-08-19,0.0288587452331422,0.030432807802443482,0.029041450668774692,0.02808367300590566,0.0264056472736966,0.028354188575342953,0.029441900017830345,0.024364944011249966,0.02931131743910285,0.030726039407574048
2018-08-20,2018-08-20,0.028725486335148497,0.03057750302121747,0.028869836617372115,0.028210582432791887,0.026521399304103847,0.028111547721726637,0.029502346551905024,0.024272002592338495,0.02940931710988998,0.030561621543531554
2018-08-21,2018-08-21,0.02868426571902003,0.030550468712261754,0.028803382219848645,0.028286805603237097,0.026787489402603053,0.02824748603054601,0.029556152040667607,0.02430904451044953,0.029400027949203534,0.03061285249671673
2018-08-22,2018-08-22,0.02866764506233523,0.030823063312567,0.028679996023312757,0.02838430221379231,0.026753261832975692,0.0282510315444724,0.029614273609701963,0.024507028921534252,0.029423676176923527,0.03058910104213735
2018-08-23,2018-08-23,0.028788291915050848,0.030822008773805462,0.02877040350432905,0.028465783662250273,0.02675920380364935,0.02831723398648433,0.02965443919844156,0.024665963920766903,0.029342644927943258,0.03058114907542842
2018-08-24,2018-08-24,0.02884352506701993,0.030759049833056627,0.028953893899955296,0.028345157187491764,0.026805556802950874,0.028331227306042053,0.029701001292225797,0.024689633190479822,0.029317729107600235,0.03058368831687265
2018-08-25,2018-08-25,0.028982502910061412,0.03084884127856141,0.02879462748574256,0.028422488330735476,0.02683833638264442,0.02840348695568975,0.029767959918909206,0.02470124879807475,0.02925780930699462,0.030525231819427887
2018-08-26,2018-08-26,0.029105753354563144,0.030892675130214566,0.02882478236852055,0.028432655014320834,0.02674462588078538,0.028313811134216653,0.029804819473729777,0.024723392863763984,0.029299511743811478,0.030444850329982266
2018-08-27,2018-08-27,0.029261260677299228,0.030917387969510823,0.02885280779377863,0.028450954455722426,0.027052671260582407,0.02828486422459714,0.02965539081091008,0.024710660980825992,0.029276499605332334,0.030419466728988345
2018-08-28,2018-08-28,0.029249131689195514,0.03081917540722495,0.028797981672075885,0.028503995508997806,0.026944800887807315,0.02849030433433752,0.029693720448609445,0.02457259727011108,0.029225351099079578,0.030394653504247138
2018-08-29,2018-08-29,0.02936606399118693,0.030704365456411382,0.028947526275687918,0.028489437491996308,0.027160505827841224,0.028370266488114027,0.029691367308361007,0.024500435462606437,0.029416500591234535,0.030373657231545944
2018-08-30,2018-08-30,0.02933584137565526,0.030602959957690565,0.029134166891163178,0.02862516006183773,0.027157724256650462,0.028355775470968896,0.029629066822473855,0.024614044867290977,0.029372429190112966,0.03055099296275713
2018-08-31,2018-08-31,0.02932952742359289,0.030678915955304725,0.028970159396071043,0.028777428370408375,0.027158060171769378,0.02819429222213802,0.029578432416964954,0.02460742086665081,0.029282571206510795,0.030633496243800656
2018-09-01,2018-09-01,0.029399556676266297,0.030644124162126977,0.02897429289599442,0.028901471270207507,0.0271672333643001,0.028146096249442237,0.029568727541166708,0.0247744370205563,0.029286210471258844,0.030461901975940484
2018-09-02,2018-09-02,0.02940117152449527,0.03048432364878543,0.028890055640471576,0.029006445390081143,0.027197893923562363,0.028173924195365005,0.029605458501848342,0.025031578777670517,0.029304499182968985,0.03045196436844852
2018-09-03,2018-09-03,0.029320745236930155,0.030441440775330054,0.028966908704540828,0.028851060385706846,0.027221143499237044,0.028198676201330212,0.029439500983581213,0.024989335586118093,0.029208941360515422,0.03049494838701957
2018-09-04,2018-09-04,0.02906343095610706,0.030448245310389102,0.029005505730619024,0.02884872478517513,0.027292874735267543,0.028204812208136924,0.02940310460789207,0.02502549647530971,0.02928358103863593,0.030629593359535696
2018-09-05,2018-09-05,0.028958793691879176,0.030232058582508263,0.02916012241916903,0.028748705306349053,0.027217183148822106,0.028210715334802603,0.029456008663494192,0.025017641625892265,0.029429554460962362,0.030543701504409423
2018-09-06,2018-09-06,0.028934337296559403,0.030198970539241803,0.02924882613513191,0.028596766016627796,0.027085277851672765,0.02819335525672891,0.029417351514889886,0.025006080299243363,0.029303302085993486,0.030514122741071303
2018-09-07,2018-09-07,0.028803508121210783,0.030275492707873452,0.02919420355242056,0.028648472287281453,0.027136756644219544,0.02814893135021514,0.029336442523285686,0.025001210055031597,0.029204910492765117,0.030569125402496
2018-09-08,2018-09-08,0.028742718200124102,0.03004492217297584,0.029129422051857267,0.028758258336214558,0.027092480624810625,0.028167516714593076,0.029238605846839655,0.02499386290882702,0.02910333835361553,0.030654818888859268
2018-09-09,2018-09-09,0.02881533314804869,0.02999178374894968,0.02935883479464861,0.02877628501001366,0.026921706193840034,0.028313503793668548,0.029088852776812314,0.025030528908575482,0.02894002567334016,0.030762906781527807
2018-09-10,2018-09-10,0.028829589661967886,0.03006169422229632,0.029311148137003546,0.028701414481263367,0.02700913128404831,0.028370216525384975,0.029238318910045406,0.025198497457692457,0.028919399344067637,0.030810876669378186
2018-09-11,2018-09-11,0.02891253207758271,0.02984395241513363,0.029244318848605032,0.028721011076069607,0.026892064336333493,0.02827820300933175,0.02945259104597997,0.025238745009702857,0.028814473921390877,0.030758244345956077
2018-09-12,2018-09-12,0.029009361525499242,0.029721885630258953,0.029265135298459335,0.028546586497166213,0.026985471540364604,0.02842782239360105,0.02942657287600654,0.02519725854074769,0.028842504154926753,0.030903588419672157
2018-09-13,2018-09-13,0.029054626576257257,0.029921590163308774,0.02933776865479421,0.0285748906341708,0.02693027969887596,0.028430247220756485,0.029226650794236895,0.025106382241803286,0.02888412457509325,0.030990614777046743
2018-09-14,2018-09-14,0.02916290119867336,0.030176007359805027,0.029377254967642888,0.02860957796205145,0.02690800371669613,0.028645777237393134,0.02928560628723542,0.025113925841246543,0.028882364408395787,0.03109098274323855
2018-09-15,2018-09-15,0.02928304016618704,0.030045894934137465,0.02925527213486025,0.028627593896119033,0.026812651935313375,0.028713106637257062,0.029269762772560715,0.02491159151396447,0.028800244389390276,0.03098697207458701
2018-09-16,2018-09-16,0.02920084259345612,0.03023474854761294,0.02934360253273953,0.028494370354913156,0.02686836805896457,0.028656559491530762,0.02939439708357774,0.02505846740256319,0.02884279282345394,0.03099378635893459
2018-09-17,2018-09-17,0.02933696414437457,0.030201756830392033,0.02945849417461466,0.028449101585302693,0.02674135223044565,0.02865700286374052,0.02947005632711281,0.02484409850377032,0.02874298306623879,0.031006092015354748
2018-09-18,2018-09-18,0.029488122121567213,0.0301642502759017,0.029563547942737137,0.02844764033316587,0.026735336420812005,0.028740332239452687,0.0296129989542899,0.02493065729489757,0.028727116522901875,0.031045404082043874
2018-09-19,2018-09-19,0.029450143561529866,0.030066241864391413,0.029498744861475128,0.028534064211199105,0.026708394854740664,0.028743748834898608,0.0295385392410839,0.024856999674116694,0.02879007528722854,0.031166439858303835
2018-09-20,2018-09-20,0.029345870751265005,0.030054358056239842,0.029467651290178573,0.028547229286913056,0.026740187728431338,0.028764020975982987,0.029681185221884496,0.024809649775782212,0.02870404990595836,0.03107128005575205
2018-09-21,2018-09-21,0.029390547971773883,0.03018363742376148,0.0293964893622451,0.028545205685393912,0.026752581001779286,0.028975279808641664,0.02974780142535483,0.02463177321485312,0.028730279111886355,0.030834953125519694
2018-09-22,2018-09-22,0.02941409830350722,0.030049179076677503,0.029205898695062935,0.02856846552438301,0.026617824857721822,0.029134132845386674,0.029834553762274625,0.024599835780615188,0.02861817380998875,0.03066505257248871
2018-09-23,2018-09-23,0.029418290015347338,0.029943052387839397,0.0289539691139323,0.028554404467522783,0.026688805184238,0.028981691192765006,0.029791351370550508,0.02453051462734874,0.02867289328260303,0.030513372463741778
2018-09-24,2018-09-24,0.029353045884977516,0.030059104575673398,0.028719200012944802,0.028489035330479417,0.026523169279128244,0.02887372402543889,0.029734795160007023,0.024443095648535487,0.028535884992919282,0.030559978480850843
2018-09-25,2018-09-25,0.0294983379996392,0.029982719644618887,0.02866189006003202,0.02855095023746177,0.026434278725061943,0.028947009650504854,0.029660926670492877,0.024428425752759646,0.02873660293025631,0.030674307624411912
2018-09-26,2018-09-26,0.02951746544011776,0.02991345707719154,0.02863294251708033,0.028733941376481845,0.026507539945249358,0.02890397422893159,0.029457863173772754,0.024559444474467656,0.028863674633935993,0.03060533234922193
2018-09-27,2018-09-27,0.029483634642377063,0.029976724439750534,0.02866308036081985,0.028760352093903402,0.02644202313279893,0.028913208578253066,0.02937568090213625,0.024426047293906464,0.028882075900895955,0.03060951983474489
2018-09-28,2018-09-28,0.029473565618674466,0.029859250959403925,0.028574353567048443,0.02862556664180359,0.02659546822781311,0.029028383639460514,0.029451653968269993,0.024240569920824503,0.02886641092442084,0.030630818048264778
2018-09-29,2018-09-29,0.029482376149424908,0.02990963451905213,0.028473499804216686,0.028708121418985696,0.026823184867405144,0.02908492984392236,0.029546457712640768,0.024220788255638323,0.028861172057524195,0.03055157457724304
2018-09-30,2018-09-30,0.02947917321047874,0.02982535900340497,0.028423174571825752,0.028710834166375945,0.026878930664012625,0.02933018311791975,0.029638408815069135,0.02410670318589965,0.028972197985097863,0.03071773399730829
2018-10-01,2018-10-01,0.02946123245657638,0.029691296425889607,0.02850930866448091,0.02871261655321356,0.026958906812060642,0.029272074506202183,0.02976969916095026,0.024111202968572703,0.028915282112418644,0.030800358946824213
2018-10-02,2018-10-02,0.029511601136370264,0.029728587986174157,0.02837179346629162,0.028609516742217952,0.026953495287309698,0.029395215442831805,0.029839541789800077,0.024126594939824417,0.028713294783805403,0.030649306445753824
2018-10-03,2018-10-03,0.0294050007109142,0.02961898218585242,0.028338790422188728,0.028821830705873644,0.027123491558918765,0.029410581417787147,0.029790286762543947,0.024316403858861007,0.028593534966610348,0.03072489133799065
2018-10-04,2018-10-04,0.029281037830473377,0.029618312908642194,0.02845961498239709,0.02866565106065376,0.027167597616697882,0.029470140838374608,0.029806988330905428,0.02444359949598376,0.028547753136236854,0.030944150763545106
2018-10-05,2018-10-05,0.02930413387356269,0.029716187312965294,0.02842022185398953,0.028749986036889063,0.02723190754679932,0.029330818009751243,0.029677832731104074,0.024501319057303687,0.028525187795366676,0.03099227562526849
2018-10-06,2018-10-06,0.02931441313400761,0.02957845682988063,0.028425603517182714,0.028664012890989767,0.027346531164410028,0.02924510859540226,0.029561674190473917,0.02458546019625288,0.02852395463452688,0.030820888020102397
2018-10-07,2018-10-07,0.029295115340257947,0.02942771865655119,0.028344880996500392,0.02852808388645389,0.027260482896782512,0.029208590793091904,0.029427713498493706,0.0245972123030314,0.028413767588671774,0.030960908974776984
2018-10-08,2018-10-08,0.029399420273797335,0.029268963091137117,0.028177846651365253,0.02877175604105666,0.027137627204183837,0.029155942305415555,0.02950615227818856,0.024610911095560756,0.028323729850915677,0.03089965252455508
2018-10-09,2018-10-09,0.029521843900820906,0.029219825693631317,0.028201034344977862,0.02880293603597716,0.027203368833890573,0.029172593685229814,0.029578570600821235,0.024652482324939752,0.028366543122569813,0.030876720582080335
2018-10-10,2018-10-10,0.029513742733508156,0.02921232760898464,0.028146293548613914,0.028873949742453425,0.02731872719027514,0.02911149186925555,0.02947107847117114,0.024669061803070755,0.028359332988975593,0.030912419341860488
2018-10-11,2018-10-11,0.0293409264865193,0.029323684388621086,0.02799981799008314,0.028912696637889947,0.027285211255725236,0.02918262770134263,0.02933087403115199,0.02476560247462111,0.028394051447811375,0.03067294353742955
2018-10-12,2018-10-12,0.029437841092547726,0.029284761520678656,0.027928093376487582,0.02891915576199674,0.027177270615867492,0.029135542356229657,0.029347472945538192,0.024918317534340022,0.02846548996191522,0.03068304308459329
2018-10-13,2018-10-13,0.029403368321785542,0.029350592330707866,0.02801736306588013,0.02894639773452475,0.027132366832606076,0.029167319177938685,0.029190258980085683,0.024926163491445913,0.028449424559588012,0.030553332024477683
2018-10-14,2018-10-14,0.029277885341953278,0.029600527501040173,0.027814124766044817,0.028933006909223076,0.026964468695649484,0.029220313974450848,0.02927367056744202,0.024911964135471896,0.028196202348278424,0.03051658858864402
2018-10-15,2018-10-15,0.029172623701126426,0.02951943034157757,0.027815131058204157,0.029023048294963348,0.02695472276037343,0.029332562346003784,0.029142520859136323,0.02480107915292205,0.028272592082463934,0.030371770267474892
2018-10-16,2018-10-16,0.029042520187022604,0.029525518740946288,0.027865260236210533,0.029011352035476033,0.026964089970080863,0.02935095357844294,0.02910105090741395,0.024615382166607958,0.02812927578545705,0.030210575508772413
2018-10-17,2018-10-17,0.02898588097134849,0.029480838419412667,0.027892330477516627,0.028999047416088216,0.026962540007432867,0.029395721719632686,0.02909297655150481,0.024744585002773916,0.028186923648478843,0.03016941863324612
2018-10-18,2018-10-18,0.02900401069619354,0.029440178092458448,0.028035889929790295,0.029130337572927243,0.027005890393223368,0.029347677781658695,0.029142446087704246,0.024716097662465547,0.028103958932093713,0.030123925585876257
2018-10-19,2018-10-19,0.029019901826709067,0.029481279949986745,0.027962419632227672,0.029176459956861606,0.02696278471633056,0.02940426613402,0.029167988257574266,0.024779995607534504,0.02810202728654939,0.03006323020439248
2018-10-20,2018-10-20,0.029030400220847373,0.029436984101019106,0.027775249078906845,0.02908061889146593,0.02695874226759895,0.02943267661772599,0.029123595137492915,0.024670819848485116,0.028180989549577904,0.030131047316802505
2018-10-21,2018-10-21,0.029087471232983778,0.029392758465166664,0.027791227351085968,0.028944959709628588,0.027047445319943172,0.02952239515833917,0.029144917379540485,0.02466421207614204,0.02836802885838394,0.030193954079391364
2018-10-22,2018-10-22,0.02926268723919496,0.029317888879309605,0.027832008777673653,0.02882892796295058,0.027049551908615126,0.029656352325332383,0.02905312876246553,0.02470222139752356,0.02822203119735995,0.03015260716169319
2018-10-23,2018-10-23,0.029172291414652943,0.029375775415483817,0.027895738995745156,0.028860765874065955,0.027162646631963838,0.029473425448864263,0.029168985613191537,0.024887626905542762,0.02811390856824312,0.030056619962759105
2018-10-24,2018-10-24,0.029235296238741278,0.02948128387208443,0.027665991649936928,0.028917663832100756,0.026996131388049526,0.02932232311744802,0.02895036317741174,0.02483267807113611,0.028100424857907074,0.030109997128969473
2018-10-25,2018-10-25,0.02938884982427118,0.029466013524168652,0.027769081091649224,0.02887158017068861,0.02676138661934223,0.029268210083427323,0.02891584356708498,0.024991600170358636,0.027999801605861244,0.030212902788405334
2018-10-26,2018-10-26,0.029368507591100018,0.0294349039798698,0.027771342724790253,0.029091931095914025,0.026832937063284,0.029283652124940426,0.028863312315384502,0.024841551867067314,0.02810928205670457,0.030394565624109724
2018-10-27,2018-10-27,0.029222238009023013,0.029486557708776503,0.027620261049281374,0.029100003412010165,0.0267755839505024,0.02936574059654924,0.028981483599363905,0.024683317826883305,0.02807904754107524,0.030301543731311324
2018-10-28,2018-10-28,0.02947901061019885,0.029634306280393406,0.027714623505023066,0.029009041213164423,0.026744204579966464,0.02928133549334206,0.028976063198234647,0.02464853821150826,0.02798664320058596,0.03026924423844041
2018-10-29,2018-10-29,0.02962369353256624,0.02971399152847218,0.027751584004298196,0.029130045776246043,0.026984967691745642,0.02934489474877794,0.02890715241932604,0.02467946752548589,0.027938006017562956,0.03038651505738236
2018-10-30,2018-10-30,0.029420197058373482,0.029820304773462536,0.02778884032749302,0.029197054430957946,0.026887643672652606,0.029511868986690754,0.028769132311882464,0.02474729301121148,0.027936773849230333,0.03024562513417741
2018-10-31,2018-10-31,0.029647254470268388,0.029747142833311428,0.027862133705200867,0.029216010458821617,0.026851628434294745,0.02942283159637371,0.028588690588537077,0.024778971525336802,0.027946722865444255,0.030166306573148748
2018-11-01,2018-11-01,0.029554346919796654,0.029766063156635488,0.02792976063846848,0.029166928231937388,0.026863418793434443,0.029427741976425583,0.028573990019779717,0.02486352648270212,0.02796951378521591,0.030055370780373673
2018-11-02,2018-11-02,0.029512467108448164,0.029720865374582534,0.02798897505979614,0.02929917272496977,0.026969991971464,0.02961837327599369,0.028535888167976135,0.025013285162002703,0.02791854520332677,0.02990365598178724
2018-11-03,2018-11-03,0.029502096953332915,0.029655456954013323,0.027873171492445732,0.029482036597326487,0.0268538357223944,0.029525399335224575,0.028457762040377692,0.025098868851670324,0.028000392015575203,0.029851548568053783
2018-11-04,2018-11-04,0.029313253527494674,0.029742616340503264,0.02773344223625365,0.02953242587514985,0.02685157084524167,0.029459714743356277,0.028552775753665164,0.02510947879646884,0.02796843736652982,0.029918492456284952
2018-11-05,2018-11-05,0.029197169739945548,0.02976328997802601,0.02758858856414868,0.02958455484104056,0.026959456141183925,0.029411883689324386,0.02849076826573098,0.02522080851516489,0.027949112217795544,0.030008185475407678
2018-11-06,2018-11-06,0.029198484817406764,0.02976933153474144,0.02765416297912256,0.029599643293568012,0.02708304839134403,0.02935632146201438,0.028544368049800966,0.02538079629841143,0.02805573969238389,0.030002499326648443
2018-11-07,2018-11-07,0.02921994178753247,0.02963315309358086,0.0277378275090488,0.029748776873811514,0.02700474917811949,0.02932303030949944,0.02843903983225321,0.025421278135861057,0.028045060672149746,0.029906181372779814
2018-11-08,2018-11-08,0.029016981971340308,0.02939832629326243,0.027660714305438195,0.029857869855473826,0.027050651358871306,0.0293762957258834,0.02859744082425451,0.025320960680842275,0.027959302162330446,0.029912986606654025
2018-11-09,2018-11-09,0.029056707065310213,0.02924704535943011,0.02776723205492541,0.029785659461715866,0.02701943872370242,0.029347265325888806,0.028486877769895527,0.025293180771482394,0.027919238912292883,0.02975676329507393
2018-11-10,2018-11-10,0.028971514512577446,0.029320973030044013,0.027783329144433325,0.0297908856268247,0.026968027439284174,0.02931193747689715,0.02872546638718782,0.02515065663630746,0.02792645428593846,0.029797457671128423
2018-11-11,2018-11-11,0.028866944045463052,0.02919261258101238,0.027903703382018374,0.029770412590943977,0.026907780153390928,0.02926942876725915,0.02866897558667893,0.025104271503850938,0.027852826681678648,0.02972268723626926
2018-11-12,2018-11-12,0.028808728537708054,0.02927642113231498,0.02781943210084276,0.029649505227844014,0.02704263133930697,0.029263671602193092,0.02861348072557041,0.02523066529144648,0.02787042445112368,0.02982278811845192
2018-11-13,2018-11-13,0.02885056021174183,0.02948114001749039,0.027671342671195292,0.029550300028593008,0.02691650921410602,0.029210480442790156,0.02849689743591129,0.025005402314530904,0.027838636419797114,0.02992745318462365
2018-11-14,2018-11-14,0.02879708412269599,0.029468542156901565,0.027647206981834253,0.029640163388994327,0.02707059680847635,0.029336833310337856,0.028448662649214,0.02498014396213064,0.027725216168747353,0.029911564877903616
2018-11-15,2018-11-15,0.02869563544932815,0.02959838068374522,0.02769437110822851,0.0297708194492787,0.02716495641881988,0.029444592169108615,0.028524248950581158,0.02514915139998388,0.027580682852747743,0.029995937240065242
2018-11-16,2018-11-16,0.028824014733614328,0.029554093913274904,0.027786769483960815,0.02978349349968777,0.0272267351004763,0.029549403602534108,0.02859070007325424,0.02513133662634547,0.02758234652732963,0.03013032021704228
2018-11-17,2018-11-17,0.0288657488467495,0.02948171273466941,0.027751685140106768,0.029691755981128075,0.027260750411674712,0.02961360432992099,0.028516896424962298,0.025169254188534836,0.027575930520881142,0.030034875762112966
2018-11-18,2018-11-18,0.028912977489267206,0.029535894486595504,0.027969789770458407,0.02963584763617299,0.027445776503010322,0.029601597357340175,0.02852956687626763,0.02493677385664474,0.027578639857598508,0.030078875116428924
2018-11-19,2018-11-19,0.02897326778870855,0.029465843187763522,0.028065401326018584,0.029547358942080888,0.027413491226244365,0.029557711472565796,0.028423430147393618,0.024759611065852637,0.027600223457478753,0.02998088441503493
2018-11-20,2018-11-20,0.028972140280685014,0.02942941667174078,0.028054662340354322,0.029495495075220576,0.027189129177026785,0.029784789426632707,0.02830675716415413,0.02459898398666844,0.027518615145436177,0.029906890569072607
2018-11-21,2018-11-21,0.029012008742193323,0.029324651350062368,0.02812893971345329,0.029524149822086475,0.02721520648477271,0.029956807236904477,0.028429243945673862,0.02441338930570849,0.027641304966857957,0.029904554085126114
2018-11-22,2018-11-22,0.028946856150092057,0.02937742320794167,0.02789790963335087,0.02931415343012712,0.027329378345962642,0.029963932756453086,0.028269430639583003,0.02466486818974951,0.027775842428729033,0.029975253361600326
2018-11-23,2018-11-23,0.028901014704650164,0.029477325854846376,0.028114453660201683,0.02921577358232139,0.02736662414888786,0.03013298335592129,0.02827004789270147,0.024720102450684806,0.027789053426428862,0.029915167141370172
2018-11-24,2018-11-24,0.02870179837924524,0.029314867715900254,0.028125201091580263,0.02922051518521433,0.027394791165324756,0.030147382802964355,0.02827810306166598,0.02471560398005809,0.027828859161845795,0.029791862668529814
2018-11-25,2018-11-25,0.028620774268645226,0.029310285969745997,0.028373120615460837,0.029213681113705953,0.027304922727182258,0.030094553931627636,0.02820394872788898,0.024807385793456944,0.027867327073880382,0.029813272821912856
2018-11-26,2018-11-26,0.02861780576425461,0.029413026770184574,0.028388262014116594,0.02906266891429845,0.02717327810980633,0.030049341481853387,0.02814289483452316,0.024818431975664464,0.027780166576317798,0.029772399276252127
2018-11-27,2018-11-27,0.028671124389366726,0.029182133583325328,0.02841312131125737,0.029204066391293516,0.027129868121454823,0.030050140786460885,0.028143138246059414,0.025048342469687575,0.02788250623664161,0.029809802082330524
2018-11-28,2018-11-28,0.02882085144663703,0.02914846279814145,0.028485222711027432,0.029188288933776358,0.026902722031920318,0.029929502718332248,0.028089464501244044,0.025070740532868452,0.02775615329298684,0.02991761158739462
2018-11-29,2018-11-29,0.02877314345462431,0.029338088529905722,0.028365070793878597,0.029050402364314738,0.026782126426172708,0.02969304479107237,0.0280445496337118,0.0250408583279663,0.027805041215204388,0.029997894596929073
2018-11-30,2018-11-30,0.028730653174211876,0.029349893234666462,0.028546398373020206,0.028959281247821763,0.026712706029063067,0.029686360535514808,0.028165644738111114,0.025088297739874678,0.027680025140726337,0.029857271377128694
2018-12-01,2018-12-01,0.02865694061427134,0.02928602157818519,0.028485802933756715,0.02896100405657995,0.026665579399234026,0.029622848733333408,0.028083841526730612,0.02514512458809093,0.027687451307985413,0.029808397522824392
2018-12-02,2018-12-02,0.028725164082013886,0.029250151046410235,0.02852687191320287,0.028748911466151574,0.02671266306452879,0.029338470962450132,0.027980655408791234,0.025094165926610037,0.027473407859422046,0.0298513181954517
2018-12-03,2018-12-03,0.02867491888640743,0.029288360243593242,0.028578350330177943,0.028744730875528875,0.026840834051962355,0.02942812946122088,0.028102919231610186,0.025150045547466634,0.0276798249452811,0.029879561546837755
2018-12-04,2018-12-04,0.02881693182292177,0.029095720260995182,0.028551762358196828,0.028611626947970727,0.027126519139076898,0.02957572037338734,0.028092556986678223,0.02516321446212409,0.027610713592373586,0.029765114832422473
2018-12-05,2018-12-05,0.028737061207511624,0.029177090943792075,0.028701893866654452,0.028597485012586937,0.027080905379301697,0.02953741975545389,0.028118525362050714,0.025366067358672598,0.02778675619108392,0.02980480070085088
2018-12-06,2018-12-06,0.028814834754930033,0.02918684126805177,0.02854222186659467,0.02867469390234084,0.02693181002807987,0.02943344435936422,0.028043533094014736,0.025423093361600087,0.027763628939294377,0.029714831539306517
2018-12-07,2018-12-07,0.02869104366308342,0.0292505878787561,0.028434071197920095,0.02860853656062333,0.027062323461710065,0.029215732667842807,0.02798658643128153,0.025675785521479286,0.02766548892763831,0.02965662580740808
2018-12-08,2018-12-08,0.02869053340425133,0.029336316033536113,0.02848033467176587,0.028574527340290028,0.02722374757121346,0.02923639408828262,0.02794736203375104,0.025753078038028992,0.027654172403294076,0.029534161031215957
2018-12-09,2018-12-09,0.0287415384517566,0.029395123993791093,0.028426322936040232,0.02863380160285859,0.027275137250881005,0.029105795961599682,0.027799756728803214,0.025786483371926117,0.027529761232107115,0.029595445155109264
2018-12-10,2018-12-10,0.028939176296482558,0.029389778415987177,0.028336699470382382,0.028622940686196568,0.027333398037338863,0.029130123968620986,0.027826346978397667,0.025943401352400627,0.02746440087161729,0.029504503758746695
2018-12-11,2018-12-11,0.028886636731851836,0.029518414338808578,0.028320938409603078,0.02857721807862957,0.027274119067888916,0.029286169758941587,0.027794592775072964,0.0260185704591628,0.027485489879730103,0.029429895168482514
2018-12-12,2018-12-12,0.028889017620197577,0.029508568020918217,0.028216063237630668,0.028568334236949027,0.02718741403990533,0.029426551128037565,0.02773433099705245,0.025910500281006905,0.027400581234369784,0.029363975220504598
2018-12-13,2018-12-13,0.02885564363380544,0.029442786996694833,0.02813680954428511,0.02858080569514437,0.02707379058302542,0.029454224393375566,0.027878126385278656,0.02587222085079338,0.027224479476736292,0.029402173801065218
2018-12-14,2018-12-14,0.028819666527955406,0.029250142298297047,0.028180560784343854,0.0284824361073895,0.027032996654398893,0.029704489724472777,0.027905450067026494,0.02583838399915647,0.027250116261695687,0.029298410246035536
2018-12-15,2018-12-15,0.028907928383712686,0.029348232358574835,0.028018952708307798,0.0283872301985134,0.026946942609400143,0.029729336850163834,0.027887525643927727,0.02597579458522026,0.027142564181753284,0.029267515386148444
2018-12-16,2018-12-16,0.028755953782515647,0.029350095818205357,0.027962206164007714,0.028307488497036605,0.026827625553193766,0.029815235044311616,0.028025357648426636,0.025988456317813203,0.027175542112528473,0.02936062862951723
2018-12-17,2018-12-17,0.028869646154942998,0.02931120307073246,0.027796695283817396,0.028398409604648706,0.026944455169286646,0.029781909091180527,0.02810691886752693,0.02606633847426488,0.027212869758614408,0.029380085526829726
2018-12-18,2018-12-18,0.028855320313599848,0.029306926813092955,0.02780398042195816,0.028255374867886474,0.026979613118626088,0.029724165909732817,0.028271574845603626,0.02596069769297572,0.027340719835290885,0.029328504645715563
2018-12-19,2018-12-19,0.028810284079666102,0.029212783619675737,0.02788611780244657,0.028286272410831106,0.027016518771167623,0.029850582552635313,0.02811795958486372,0.02590079638707345,0.027519575852834297,0.029501131658924304
2018-12-20,2018-12-20,0.028782713255790234,0.028960360000250485,0.02785263899669371,0.028352395730425268,0.027068913935541086,0.02986446192303106,0.028008993586244257,0.02575866081772841,0.027427063816951255,0.02945735274454674
2018-12-21,2018-12-21,0.028794882661860997,0.028899450923408208,0.027814570714829866,0.02842543640480899,0.02713357744382192,0.030022015342407716,0.02798198406031149,0.025746146847197397,0.027441051310370345,0.02920570858849011
2018-12-22,2018-12-22,0.028702702513460975,0.028859845851760824,0.02788689271238805,0.02852518821914496,0.027203176465901858,0.029987334046686444,0.027961348233817226,0.025913391918221167,0.027444154468248858,0.02927336959467084
2018-12-23,2018-12-23,0.028847560555010286,0.02861915675738009,0.02760158895502797,0.02845861221745792,0.027082888422683808,0.03000626570010187,0.02798308721981851,0.025859673749599656,0.027315311456498823,0.029313829762336423
2018-12-24,2018-12-24,0.028880130677975062,0.028728076103573023,0.027603975555727092,0.028348058354970496,0.02707097608470941,0.029921419777437164,0.027848727097116336,0.02595194638591947,0.02735068038086239,0.029278571339749572
2018-12-25,2018-12-25,0.02872795909396744,0.028726172730504502,0.027694568261181093,0.028268181710201838,0.026901330414786487,0.02980091764924476,0.027935313326059037,0.025848671549987864,0.027202273497530086,0.029178913522327384
2018-12-26,2018-12-26,0.028699756634753132,0.028629129668178953,0.027544796246673053,0.028326475729901178,0.02687314335898633,0.02975140788452676,0.028041031651218837,0.025800900635251884,0.02735314384672221,0.02919642220569947
2018-12-27,2018-12-27,0.02864183324970193,0.028538311145593492,0.027685751990161298,0.028387127593938077,0.027030327149421957,0.029767480208477255,0.028016610468445842,0.025892510650743456,0.027367416875194686,0.029095441463956623
2018-12-28,2018-12-28,0.028625179043478072,0.02850285096585177,0.027781169081836785,0.02827089246060782,0.02700571181081083,0.029953754414120418,0.02816407825047161,0.025815470497727637,0.027343423978982293,0.02916894193499573
2018-12-29,2018-12-29,0.02873141951179531,0.028455316309875748,0.027809427642121298,0.02824951433544715,0.02710226261390826,0.03018889122108592,0.027939023671154098,0.025734083735440543,0.02730229058286752,0.029190908672507423
2018-12-30,2018-12-30,0.028589767251192288,0.028554888328426654,0.02779529658569656,0.028141323507979033,0.027138195643961572,0.03017573998914618,0.027916083834700168,0.025634263556723297,0.027229130481219468,0.02937989511421966
2018-12-31,2018-12-31,0.02855009055980987,0.02851778941272616,0.027766111040984122,0.028051431805837575,0.02722443888478563,0.030071999001984415,0.027972803803412705,0.025554012344326766,0.027118107352895153,0.029440430384210063
2019-01-01,2019-01-01,0.028570530421860713,0.028437004814783964,0.027710966304139766,0.028018262011737287,0.027282254731048807,0.03007926262405346,0.02774596065180849,0.025562530069172383,0.02721992322115799,0.029525737350905936
2019-01-02,2019-01-02,0.028632081590025314,0.02840720150035968,0.027639039715767613,0.02812399580649106,0.027456996950088446,0.02987237901174337,0.02780960366000792,0.025516007340788033,0.02724160696462775,0.0293936133158963
2019-01-03,2019-01-03,0.02857767245405395,0.02828124037521027,0.027671869538795833,0.0281488014360502,0.027632748773966945,0.029856774693487412,0.027866676387375975,0.02537019411545797,0.027172002886940657,0.029528317681591372
2019-01-04,2019-01-04,0.02868162017510181,0.028297879834585937,0.027588957173377393,0.028212701852965726,0.02758338547425801,0.029723605362594677,0.027995287699419658,0.025424421414844883,0.027222661893328042,0.02967960329087021
2019-01-05,2019-01-05,0.028402023995498498,0.02820717738970889,0.027453425177216658,0.02810728947087328,0.02753192705984162,0.029566356433924888,0.02796114048741341,0.025381933782090672,0.027253795214278117,0.02972107043657688
2019-01-06,2019-01-06,0.02833949620123519,0.02811912389280992,0.027277778994611215,0.028046805258639215,0.027740107245296165,0.02942984255644911,0.027874370717722023,0.02543137934320784,0.02708113286162032,0.0298154166202784
2019-01-07,2019-01-07,0.028377076291756946,0.028022076126952275,0.027395539958043995,0.02797423399733104,0.027793263901192473,0.02938738714613291,0.02788684715686316,0.025502504849031656,0.0270700817165862,0.029902835455235824
2019-01-08,2019-01-08,0.02822677332803952,0.027901869414507972,0.027310040911147117,0.028166905518721738,0.027729281477198782,0.029405222197877095,0.027851269649643202,0.025496945827492793,0.027233607685240815,0.029814980005931094
2019-01-09,2019-01-09,0.02813712015053728,0.027909290580585517,0.027312187849338823,0.02811770066599592,0.02772118322933564,0.029390849932313712,0.02789706330592264,0.025530440051870273,0.027250336669578188,0.029811719260133335
2019-01-10,2019-01-10,0.028297575280942167,0.02790229492201596,0.027383684167487925,0.028347819510944283,0.027794725517183753,0.029382700967537263,0.027931573164006785,0.025607833310145715,0.027187990748909333,0.029865595020181487
2019-01-11,2019-01-11,0.028467657596296964,0.027950231797729586,0.02743701858286285,0.028344237214630384,0.027575606193023912,0.029311859986888057,0.02802914533118666,0.02562015758475064,0.027281853338870593,0.029928323261593587
2019-01-12,2019-01-12,0.028312678382660873,0.02813035716710748,0.027315920989575186,0.028384316508244703,0.027392017065091968,0.02934195018066255,0.02797738722229321,0.02565837381573934,0.027299287984433884,0.029885049975304112
2019-01-13,2019-01-13,0.02849686862941924,0.028168885101171617,0.02739917882981076,0.028468773404138892,0.027538151891660638,0.029378663280692,0.02800851624389378,0.02549868022729434,0.027356060269565757,0.029802145904138128
2019-01-14,2019-01-14,0.028413333694578744,0.028108505494381625,0.027572393688290096,0.02860936759386439,0.027490566681297478,0.029463586208566758,0.02811392850371904,0.025513754147090926,0.02728116768377839,0.02987842290295571
2019-01-15,2019-01-15,0.028516064130614634,0.028071623598396184,0.027532488997803545,0.028745778162165725,0.027516585881139068,0.029633515326012154,0.027940476788787732,0.02552190407389123,0.027187553808391655,0.029901661116382948
2019-01-16,2019-01-16,0.02853119070709718,0.028019453753012288,0.027374080822020624,0.028658118442593965,0.02757935538603309,0.029827643296494448,0.02798110371273143,0.025504412500262558,0.027178714103469375,0.029987062719051286
2019-01-17,2019-01-17,0.028450714750441957,0.027929736679011087,0.027254693303129133,0.028687505132681236,0.027557619624220965,0.02970301163419235,0.02799011938294097,0.02554207915890039,0.02720040444794812,0.029981062208867093
2019-01-18,2019-01-18,0.028332876139114775,0.027983760219589208,0.02729549930930032,0.028637412703063476,0.02760303227994812,0.029648568376930563,0.027988754859324134,0.025578084192359976,0.02727330431952064,0.029983312788817728
2019-01-19,2019-01-19,0.028330504219692836,0.028165514950922427,0.027266608711736674,0.02865894297235585,0.027714512179257925,0.029755072671428438,0.02777522981143611,0.02551019151767478,0.027291139765906254,0.029878930227992106
2019-01-20,2019-01-20,0.028254433669184825,0.027976137364896403,0.027556512872276784,0.02862235238305646,0.02755054462713827,0.029634596897103453,0.027839982966643036,0.025452111312980915,0.027136700777864863,0.03004377571803576
2019-01-21,2019-01-21,0.02804873173656697,0.02795123374320553,0.02771058428753488,0.028677806312293767,0.027553302282606915,0.029608120278094886,0.027772837699667586,0.025604926297544534,0.02697751048292158,0.030043973768984666
2019-01-22,2019-01-22,0.02801280129014222,0.027966761141386014,0.027871482259150933,0.028781068942435557,0.027632474561427627,0.02947737714030488,0.02788571366513007,0.025697798982470526,0.026835845751725505,0.030076039129382736
2019-01-23,2019-01-23,0.027931538887952804,0.027779630980976095,0.027971720992735427,0.02870396951058368,0.027799006329477394,0.02933969225024529,0.027763802332149562,0.025761688685148894,0.026843567490993557,0.029966299362848083
2019-01-24,2019-01-24,0.02802074857008969,0.02759224476715677,0.028126526436666258,0.028936112637699445,0.027770076428920255,0.029408392151426942,0.02783431555044746,0.025718109000297654,0.02683884107414594,0.029849271820963346
2019-01-25,2019-01-25,0.02791478299167739,0.027586259158419082,0.028218697207882525,0.028898261331827525,0.02787929109892573,0.02935448582497948,0.02772595528923632,0.025588935996347473,0.026898480221767565,0.029721268242040254
2019-01-26,2019-01-26,0.028004558500706572,0.02744791823376806,0.028232813946211355,0.029046956448608628,0.02818031646484293,0.029377119314981867,0.027509544586394593,0.025564260703073948,0.02692384356197425,0.029676715198870635
2019-01-27,2019-01-27,0.028086049236280716,0.027469622466011763,0.028211518173605798,0.0291214821175554,0.028073054571419395,0.029242552742092615,0.02748941682466362,0.02545190596257928,0.027008887001588076,0.029819140011507938
2019-01-28,2019-01-28,0.028075668295599144,0.027349889025628474,0.028250274403659376,0.029099211237768048,0.028000843426885573,0.029175176003630614,0.0274086778412425,0.025441503300187063,0.02700298801304086,0.02975619694149867
2019-01-29,2019-01-29,0.027935632056983573,0.027276799122777706,0.028180393798047633,0.02908383765638386,0.027946491612458615,0.029078647061995335,0.0274670290632284,0.025528124395396548,0.027012559906994832,0.0297092218680731
2019-01-30,2019-01-30,0.027661616647808557,0.02723002856550612,0.028138600351490795,0.028978091795821226,0.027845752366010102,0.029034656652837155,0.027422240626499835,0.025597370678775724,0.02699828360892834,0.029736256338821064
2019-01-31,2019-01-31,0.027644798433001452,0.02729519743612066,0.028034480012109717,0.028856280000705996,0.027766607312412907,0.029118915319257106,0.02759659845989746,0.025724522884771794,0.027025611962675146,0.02971013941357107
2019-02-01,2019-02-01,0.027662829901268657,0.027197548898122172,0.028062308839405012,0.028845510355361374,0.02764725985096829,0.029090180074507532,0.027565129176156215,0.02576043313353648,0.027121691587963206,0.02958928449224603
2019-02-02,2019-02-02,0.027537784598636546,0.02707554701211742,0.028098586351564724,0.02884214299157004,0.027548399043672386,0.028949062514805807,0.027524918939959286,0.025533186654966355,0.027132223043323977,0.029515509553665446
2019-02-03,2019-02-03,0.027369763780069705,0.026994305869067623,0.02799014414731875,0.029067129320796272,0.027536519177640186,0.028920628773226365,0.027726483905030498,0.025702702183915693,0.027036266104992535,0.02947638992794529
2019-02-04,2019-02-04,0.027355760672976914,0.02713896999094564,0.027908819440651537,0.02882814086534728,0.02759569145284878,0.02901873017552545,0.027668938176046785,0.025868048009809835,0.027017048071041216,0.029581076314691254
2019-02-05,2019-02-05,0.027462114934400185,0.0272005267175137,0.028002230576739756,0.028683059194496655,0.027480179368121072,0.02911799601875751,0.02785602332188045,0.025920092314528624,0.02705230798420441,0.0294901309541279
2019-02-06,2019-02-06,0.027462883304901764,0.027202805995566855,0.02810218527278161,0.028710918485238244,0.02754133589098869,0.02893865707995878,0.027819515853877222,0.025896378563118792,0.027067595892933116,0.029588506362642732
2019-02-07,2019-02-07,0.027636941471412962,0.027270607181651144,0.027986909148695793,0.028713294743677138,0.027535189371482544,0.029000995752008117,0.027898862215345138,0.025990181488305855,0.027077053712227534,0.029626197298905525
2019-02-08,2019-02-08,0.027597951669324203,0.02720776594787239,0.02807824758899658,0.028903614838103043,0.02764021312080794,0.028987925553180728,0.027799069515506755,0.026047241179314572,0.027044698626288458,0.02954045644480488
2019-02-09,2019-02-09,0.0275554055744913,0.027353196575317575,0.028108828185913478,0.028743648226757425,0.027794822008998674,0.02903919791273248,0.027816262712179827,0.0258653007631728,0.027032449393611744,0.029470693690266243
2019-02-10,2019-02-10,0.027661923005780926,0.02729210454263351,0.027926404769168658,0.028854264799049966,0.027677388058928172,0.029054660394575323,0.02795692484024572,0.02597430599787341,0.02705764233103219,0.029362066168479053
2019-02-11,2019-02-11,0.02783707184822023,0.027378144463293355,0.02793062316062841,0.028994241956195793,0.027625503239904144,0.028882981839220816,0.028076826393172962,0.025922576976506264,0.027028102431336347,0.029374512990242404
2019-02-12,2019-02-12,0.027988496935684413,0.02735554971901653,0.02795315141378444,0.028966590638235968,0.0276392670155129,0.02896062532233784,0.028192943401804903,0.025941475443667678,0.027058295758244057,0.029484987805405406
2019-02-13,2019-02-13,0.028091393921869476,0.027502585856798007,0.02795521906531605,0.029033904701535194,0.027658487223797223,0.029030450059226928,0.02812254563806108,0.02601218971678495,0.027239406376675948,0.029477493015825532
2019-02-14,2019-02-14,0.028049608746900254,0.02747716184776463,0.027994668892481943,0.028890721198864183,0.027650805765955844,0.028895153915088078,0.028129529944429663,0.026024392728128405,0.027196362418124138,0.029412473515687782
2019-02-15,2019-02-15,0.02785820427584895,0.027511391068764917,0.0279871875221398,0.02889465008926386,0.027621490577842838,0.028793336533885917,0.02809106404627957,0.025858988808320472,0.027003469674102262,0.029315478864402725
2019-02-16,2019-02-16,0.027695408444778233,0.027618865334672584,0.028246552249385548,0.028869746973251748,0.027533710203797284,0.02853970273819336,0.028001329297097945,0.025692818636547522,0.026911569622494132,0.02922255842061949
2019-02-17,2019-02-17,0.02775468930371865,0.027458317370301372,0.028346747356176857,0.029011740027198755,0.027531552611784162,0.02850003389030203,0.02804751235184092,0.025733592770608493,0.02685164753364453,0.029285736270564376
2019-02-18,2019-02-18,0.027484249656545723,0.02746267486424999,0.02825717951181351,0.029088355418931403,0.027482251450560904,0.02846818924627512,0.028035057623621296,0.02573378960777914,0.026835767922634136,0.029387284627742254
2019-02-19,2019-02-19,0.02746596466000458,0.02740808491967678,0.02838842730200687,0.029165345922402105,0.02744249883597015,0.028512894162961044,0.027941796038751313,0.025909857463583708,0.02699562798121681,0.029160363232485175
2019-02-20,2019-02-20,0.02748711308525951,0.027422093414748955,0.02832926338097413,0.029198625634467273,0.027474398947610314,0.028515416005877554,0.02797467211007663,0.026065054012339592,0.026975993646469385,0.028969543516730402
2019-02-21,2019-02-21,0.027521815261379867,0.027379911378577086,0.028474993887665587,0.02913672864491847,0.027510489386314625,0.028554269143727475,0.028113804727808635,0.026096906739764517,0.026865094801978715,0.028980088802796292
2019-02-22,2019-02-22,0.027508024301092542,0.02736875032690034,0.028398261563546436,0.0289605836079364,0.02757923115608381,0.028451386964380924,0.02804772269102945,0.02621096125157731,0.026817053366684798,0.028932949137530663
2019-02-23,2019-02-23,0.027471983641855942,0.027221546033573064,0.028351950352593414,0.028778357994975596,0.027586717328477145,0.028517287634328967,0.027998615386129737,0.026268015118973573,0.02654672068463064,0.029039780221569774
2019-02-24,2019-02-24,0.027417594347293524,0.027133169952115246,0.028380069864306266,0.028823883120105143,0.02762108401554689,0.028478309734427568,0.02797977477367012,0.02635579088057114,0.026473327705606904,0.029051931797096333
2019-02-25,2019-02-25,0.0274,0.027,0.0285,0.029,0.0276,0.0283,0.028,0.0266,0.0264,0.029
