,date,1w,2w,1m,2m,3m,4m,5m,6m,9m,12m,18m,2y
2018-08-08,2018-08-08,2.12,1.73,2.16,2.4,2.63,2.54,2.72,2.85,2.85,3.14,3.4,3.96
2018-08-09,2018-08-09,1.75,2.01,2.21,2.38,2.56,2.5,2.67,2.89,2.82,3.02,3.42,4.02
2018-08-10,2018-08-10,2.48,1.95,2.0,2.3,2.61,2.63,2.63,2.7,2.82,3.02,3.32,4.14
2018-08-13,2018-08-13,2.48,2.2,2.08,2.33,2.6,2.57,2.68,2.78,2.85,3.01,3.35,3.88
2018-08-14,2018-08-14,2.29,2.05,2.18,2.38,2.59,2.53,2.73,2.85,2.86,3.01,3.25,4.06
2018-08-15,2018-08-15,2.29,2.05,2.19,2.38,2.58,2.51,2.71,2.81,2.83,2.99,3.2,4.11
2018-08-16,2018-08-16,2.3,1.98,2.25,2.28,2.6,2.61,2.67,2.75,2.83,2.98,3.34,3.89
2018-08-17,2018-08-17,1.27,1.7,2.36,2.16,2.57,2.56,2.74,2.7,2.79,3.06,3.37,3.66
2018-08-20,2018-08-20,1.76,1.43,2.28,2.17,2.79,2.54,2.65,2.72,2.81,2.97,3.27,3.65
2018-08-21,2018-08-21,1.4,1.63,2.22,2.29,2.47,2.59,2.72,2.71,2.78,2.97,3.2,3.96
2018-08-22,2018-08-22,1.31,1.8,1.84,2.31,2.61,2.52,2.57,2.77,2.83,3.0,3.2,3.85
2018-08-23,2018-08-23,1.49,1.7,2.19,2.27,2.61,2.48,2.73,2.72,2.77,3.01,3.26,3.7
2018-08-24,2018-08-24,1.12,1.33,2.36,2.29,2.57,2.7,2.55,2.79,2.81,2.97,3.2,3.58
2018-08-27,2018-08-27,1.12,1.06,2.47,2.25,2.62,2.55,2.7,2.96,2.75,3.11,3.21,3.55
2018-08-28,2018-08-28,0.85,0.83,2.15,2.39,2.58,2.54,2.73,2.76,2.83,3.05,3.21,3.49
2018-08-29,2018-08-29,0.86,1.09,1.78,2.6,2.5,2.56,2.71,2.66,2.8,3.14,3.2,3.49
2018-08-30,2018-08-30,0.17,0.91,1.8,2.29,2.12,2.57,2.62,2.62,2.89,3.13,3.2,3.45
2018-08-31,2018-08-31,-0.7,-1.11,3.05,1.9,2.2,2.63,2.55,2.59,2.89,3.07,3.17,3.54
2018-09-03,2018-09-03,-0.16,1.68,1.06,2.09,2.67,2.7,2.64,2.58,2.91,3.1,3.12,3.37
2018-09-04,2018-09-04,-1.44,2.02,0.22,2.37,2.65,2.46,2.67,3.11,2.76,3.14,3.19,3.42
2018-09-05,2018-09-05,-3.29,4.83,0.52,2.86,2.51,2.78,2.24,2.69,2.91,3.45,3.2,3.98
2018-09-06,2018-09-06,-1.98,0.7,1.56,2.52,2.48,2.63,3.32,2.16,2.97,3.38,3.39,3.75
2018-09-07,2018-09-07,-1.32,1.47,1.4,2.34,2.65,2.66,2.71,3.0,3.04,3.31,3.47,4.02
2018-09-10,2018-09-10,1.25,-0.8,1.25,2.39,2.71,2.6,3.12,2.75,3.03,3.29,3.47,4.0
2018-09-11,2018-09-11,2.03,-1.66,1.3,2.53,2.54,2.87,2.76,2.84,3.11,3.32,3.64,3.81
2018-09-12,2018-09-12,0.03,0.3,1.35,2.43,2.58,2.83,2.73,2.77,2.99,3.35,3.65,3.88
2018-09-13,2018-09-13,0.18,-1.28,1.4,2.46,2.54,2.62,2.68,2.73,2.98,3.44,3.63,4.01
2018-09-14,2018-09-14,-1.33,-0.15,2.58,2.24,2.65,2.74,2.68,2.69,2.91,3.46,3.71,3.98
2018-09-17,2018-09-17,-0.24,-0.41,2.23,2.26,2.68,2.68,2.71,2.67,2.92,3.46,3.65,4.02
2018-09-18,2018-09-18,-0.24,-0.41,2.17,2.29,2.66,2.66,2.72,2.67,2.95,3.42,3.66,4.06
2018-09-19,2018-09-19,-0.24,-0.4,2.18,2.35,2.65,2.67,2.76,2.69,2.93,3.41,3.65,3.99
2018-09-20,2018-09-20,0.69,-0.04,1.66,2.36,2.56,2.79,2.74,2.82,3.04,3.28,3.8,4.02
2018-09-21,2018-09-21,0.05,0.96,1.75,2.33,2.72,2.76,2.76,2.84,3.08,3.27,3.71,3.96
2018-09-24,2018-09-24,0.42,1.47,1.69,2.39,2.8,2.94,2.78,2.83,3.07,3.37,3.72,3.98
2018-09-25,2018-09-25,0.6,1.62,1.57,2.41,2.78,2.94,2.78,2.86,3.12,3.37,3.7,4.0
2018-09-26,2018-09-26,0.59,2.29,1.19,2.5,3.05,2.62,2.8,2.43,3.18,3.34,3.72,3.84
2018-09-27,2018-09-27,0.81,1.06,1.74,2.28,2.58,2.76,2.75,2.78,3.11,3.3,3.81,3.96
2018-09-28,2018-09-28,0.11,2.17,1.39,2.24,2.64,2.82,2.83,2.89,3.16,3.31,3.82,3.89
2018-10-01,2018-10-01,1.26,1.95,1.68,2.28,2.66,2.79,2.84,2.91,3.08,3.39,3.7,4.03
2018-10-02,2018-10-02,1.27,1.61,1.96,2.35,2.6,2.71,2.79,2.85,3.12,3.27,3.76,3.91
2018-10-03,2018-10-03,1.36,1.36,1.78,2.38,2.65,2.69,2.89,2.77,3.12,3.34,3.81,3.97
2018-10-04,2018-10-04,1.03,1.74,1.84,2.3,2.46,2.67,2.89,2.89,3.12,3.3,3.87,3.95
2018-10-05,2018-10-05,0.45,2.49,1.59,2.06,2.5,2.46,2.75,3.09,3.13,3.51,3.74,4.15
2018-10-08,2018-10-08,1.03,1.82,1.59,1.88,2.61,2.5,3.05,2.94,3.16,3.28,3.82,3.93
2018-10-09,2018-10-09,1.48,1.38,1.59,1.99,2.37,2.66,2.81,3.14,3.13,3.35,3.79,3.96
2018-10-10,2018-10-10,1.74,1.85,1.34,1.98,2.54,2.64,2.52,2.99,3.09,3.3,3.72,3.74
2018-10-11,2018-10-11,1.13,1.9,1.41,1.65,2.54,2.71,2.68,3.11,3.06,3.19,3.59,3.72
2018-10-12,2018-10-12,0.2,0.36,1.89,1.58,2.55,2.7,2.59,3.12,3.06,3.27,3.67,3.78
2018-10-15,2018-10-15,0.86,0.29,1.55,1.58,2.73,2.69,2.65,3.15,3.08,3.28,3.64,3.79
2018-10-16,2018-10-16,0.85,0.27,1.5,1.33,2.48,2.56,2.81,3.09,3.07,3.31,3.58,3.88
2018-10-17,2018-10-17,0.85,0.27,1.86,1.69,2.7,2.76,2.74,3.04,3.05,3.4,3.72,3.85
2018-10-18,2018-10-18,1.31,1.08,1.59,1.4,2.34,2.63,2.74,3.31,3.09,3.41,3.83,3.61
2018-10-19,2018-10-19,1.14,0.41,1.88,1.36,2.44,2.64,2.85,3.17,3.1,3.51,3.87,3.43
2018-10-22,2018-10-22,1.75,0.9,1.72,1.19,2.59,2.6,2.64,3.38,3.13,3.35,3.61,3.64
2018-10-23,2018-10-23,1.76,1.88,1.73,1.72,2.22,2.26,2.51,3.38,3.15,3.35,3.53,3.59
2018-10-24,2018-10-24,1.77,1.89,1.59,1.87,2.19,2.43,2.51,3.09,3.13,3.14,3.55,3.45
2018-10-25,2018-10-25,1.86,1.96,1.74,1.97,2.18,2.21,2.43,3.22,3.06,3.34,3.57,3.49
2018-10-26,2018-10-26,1.42,1.71,2.03,2.1,2.07,2.05,2.82,3.06,3.03,3.31,3.53,3.61
2018-10-29,2018-10-29,1.53,1.69,1.81,1.99,2.16,1.79,2.99,3.18,3.09,3.36,3.54,3.57
2018-10-30,2018-10-30,1.77,1.82,1.94,1.96,2.17,2.14,2.86,2.99,3.12,3.32,3.59,3.5
2018-10-31,2018-10-31,1.78,1.98,1.88,1.98,2.05,2.15,2.99,2.93,3.13,3.26,3.44,3.57
2018-11-01,2018-11-01,1.78,1.83,2.07,2.0,2.08,2.19,2.69,3.1,3.05,3.33,3.46,3.54
2018-11-02,2018-11-02,1.57,1.89,2.1,1.97,2.12,2.21,2.72,3.11,3.13,3.43,3.56,3.63
2018-11-05,2018-11-05,1.86,2.22,1.93,2.01,2.34,2.13,2.89,2.95,3.13,3.46,3.58,3.59
2018-11-06,2018-11-06,2.21,2.11,2.23,2.2,2.24,2.41,2.88,2.84,3.21,3.36,3.62,3.56
2018-11-07,2018-11-07,2.03,2.29,2.31,1.98,2.32,2.61,2.97,2.48,3.16,3.41,3.65,3.61
2018-11-08,2018-11-08,2.66,2.25,2.14,2.66,2.47,2.75,2.81,2.85,3.15,3.35,3.55,3.78
2018-11-09,2018-11-09,3.27,1.99,2.66,2.27,2.66,2.82,2.88,2.67,3.19,3.34,3.5,3.73
2018-11-12,2018-11-12,2.65,2.17,2.58,2.45,2.91,2.71,2.78,2.65,3.21,3.36,3.45,3.75
2018-11-13,2018-11-13,2.56,2.25,2.39,2.39,2.73,2.63,2.8,2.84,3.13,3.29,3.41,3.76
2018-11-14,2018-11-14,1.95,2.87,2.42,2.42,2.63,2.6,2.83,2.73,3.12,3.3,3.31,3.76
2018-11-15,2018-11-15,2.48,1.36,2.65,2.21,2.57,2.59,2.41,2.86,2.92,3.46,3.42,3.74
2018-11-16,2018-11-16,2.08,1.83,2.26,2.09,2.71,2.39,2.65,2.49,2.91,3.19,3.4,3.78
2018-11-19,2018-11-19,2.13,1.88,2.24,2.03,2.85,2.03,2.46,2.93,2.88,3.13,3.35,3.77
2018-11-20,2018-11-20,2.48,1.52,2.28,2.02,2.86,2.38,2.57,2.92,2.89,3.13,3.39,3.7
2018-11-21,2018-11-21,2.13,1.89,2.26,2.2,2.68,2.49,2.62,2.77,2.98,3.11,3.39,3.64
2018-11-22,2018-11-22,2.58,2.27,1.93,2.01,2.75,2.57,2.6,2.81,2.91,3.06,3.35,3.7
2018-11-23,2018-11-23,2.75,1.57,2.31,2.11,2.5,2.61,2.66,2.57,2.87,3.08,3.37,3.59
2018-11-26,2018-11-26,2.22,2.46,2.06,2.15,2.6,2.56,2.57,2.75,2.91,3.12,3.35,3.59
2018-11-27,2018-11-27,2.22,2.47,2.12,2.04,2.66,2.58,2.56,2.7,2.87,3.15,3.36,3.55
2018-11-28,2018-11-28,2.22,2.47,2.26,2.04,2.71,2.62,2.46,2.85,2.85,3.02,3.3,3.53
2018-11-29,2018-11-29,1.95,2.16,2.39,2.22,2.79,2.7,2.49,3.0,2.8,3.06,3.34,3.44
2018-11-30,2018-11-30,1.82,2.22,2.72,2.35,2.74,2.79,2.64,2.86,2.81,3.07,3.29,3.53
2018-12-03,2018-12-03,2.4,2.47,2.31,2.45,2.88,2.66,2.69,2.92,2.9,3.07,3.33,3.54
2018-12-04,2018-12-04,2.31,2.55,2.39,2.49,2.9,2.67,2.73,2.87,2.96,3.02,3.26,3.49
2018-12-05,2018-12-05,2.34,2.42,2.2,2.78,2.69,2.79,2.8,2.71,2.93,3.03,3.21,3.43
2018-12-06,2018-12-06,2.16,2.58,2.29,2.44,2.79,2.75,2.78,2.89,3.03,3.02,3.14,3.35
2018-12-07,2018-12-07,2.11,2.37,2.42,2.39,2.94,2.82,2.8,2.89,2.98,2.98,3.04,3.24
2018-12-10,2018-12-10,1.79,2.36,2.46,2.6,2.92,2.72,2.81,2.68,2.97,3.0,3.05,3.21
2018-12-11,2018-12-11,1.88,1.46,2.28,2.74,2.9,2.71,2.78,2.83,2.99,3.07,3.3,3.21
2018-12-12,2018-12-12,1.53,1.4,1.85,2.75,2.83,2.8,2.83,3.05,2.98,3.06,3.22,3.33
2018-12-13,2018-12-13,0.74,0.98,2.2,2.66,2.83,2.9,2.84,2.95,2.97,3.04,3.22,3.32
2018-12-14,2018-12-14,0.92,0.78,2.43,2.63,2.89,2.91,2.87,2.91,2.99,3.03,3.18,3.26
2018-12-17,2018-12-17,0.14,2.01,1.93,2.74,2.93,2.71,2.93,2.97,2.91,2.99,3.25,3.11
2018-12-18,2018-12-18,-0.12,1.46,1.94,2.77,3.0,2.78,2.83,2.91,2.83,2.91,3.14,3.02
2018-12-19,2018-12-19,-0.64,0.78,2.07,2.85,2.93,2.97,2.85,2.88,2.87,2.92,3.12,2.92
2018-12-20,2018-12-20,1.03,0.27,1.51,3.08,2.4,3.05,2.87,2.8,2.91,2.92,3.23,3.2
2018-12-21,2018-12-21,-1.48,1.85,2.57,3.03,2.83,2.86,2.71,2.87,2.83,2.94,2.96,3.05
2018-12-24,2018-12-24,-0.19,2.29,2.69,2.75,2.78,2.77,2.7,2.79,2.84,2.79,2.83,2.89
2018-12-25,2018-12-25,-0.19,2.29,2.64,2.77,2.78,2.77,2.7,2.8,2.83,2.79,2.85,2.92
2018-12-26,2018-12-26,1.39,0.34,1.87,3.1,2.94,2.87,2.69,2.95,2.79,2.83,2.97,2.92
2018-12-27,2018-12-27,0.71,0.72,2.04,2.71,2.68,2.58,2.78,2.58,2.78,2.76,2.97,3.02
2018-12-28,2018-12-28,0.61,1.0,2.11,2.66,2.96,2.44,3.21,2.66,2.81,2.65,3.0,2.8
2018-12-31,2018-12-31,1.22,0.91,1.9,2.69,3.01,2.48,3.15,2.67,2.8,2.68,2.95,2.76
2019-01-01,2019-01-01,1.22,0.91,1.86,2.72,3.03,2.48,3.13,2.68,2.81,2.66,2.95,2.76
2019-01-02,2019-01-02,1.14,1.4,2.22,2.65,2.9,2.57,3.02,2.69,2.8,2.79,2.84,2.82
2019-01-03,2019-01-03,1.57,0.96,2.19,2.48,2.86,2.62,3.01,2.3,2.75,2.54,2.68,2.62
2019-01-04,2019-01-04,0.85,1.2,1.86,2.67,2.93,2.68,2.86,2.51,2.72,2.84,2.89,2.82
2019-01-07,2019-01-07,1.28,1.77,1.84,2.63,2.8,2.76,2.73,2.5,2.82,2.85,2.92,2.96
2019-01-08,2019-01-08,1.46,1.59,1.86,2.67,2.93,2.35,2.8,2.71,2.8,2.86,3.08,2.97
2019-01-09,2019-01-09,1.46,1.5,1.85,2.73,2.9,2.5,2.77,2.73,2.78,2.86,3.04,2.94
2019-01-10,2019-01-10,1.54,1.49,1.8,2.55,2.85,2.64,2.71,2.64,2.68,2.77,3.07,3.0
2019-01-11,2019-01-11,1.1,1.49,1.69,2.53,3.0,2.29,2.77,2.81,2.61,2.73,3.07,2.96
2019-01-14,2019-01-14,1.36,1.91,1.91,2.36,2.64,2.58,2.69,2.59,2.68,2.79,3.04,2.93
2019-01-15,2019-01-15,1.9,1.79,1.99,2.29,2.75,2.46,2.45,2.7,2.68,2.86,3.08,2.9
2019-01-16,2019-01-16,2.07,2.1,2.13,2.48,2.65,2.58,2.56,2.45,2.75,2.83,3.08,2.95
2019-01-17,2019-01-17,2.07,2.84,1.84,2.9,2.88,2.44,2.63,2.54,2.74,2.81,3.13,3.01
2019-01-18,2019-01-18,2.56,2.55,2.62,2.4,2.95,2.75,2.68,2.62,2.83,2.96,3.06,3.09
2019-01-21,2019-01-21,2.61,2.72,2.53,2.12,3.33,2.93,2.73,2.8,2.86,2.92,3.22,3.07
2019-01-22,2019-01-22,2.52,2.48,2.67,2.24,3.4,2.7,2.67,2.91,2.79,2.91,3.17,3.01
2019-01-23,2019-01-23,2.52,2.48,2.61,2.59,2.93,2.76,2.76,2.77,2.85,2.92,3.12,3.28
2019-01-24,2019-01-24,2.52,2.56,2.6,2.63,2.83,2.76,2.67,2.76,2.83,2.93,3.08,3.26
2019-01-25,2019-01-25,2.56,2.45,2.59,2.48,2.95,2.76,2.71,2.77,2.88,2.89,3.08,3.32
2019-01-28,2019-01-28,2.52,2.72,2.65,2.56,2.83,2.98,2.48,3.14,2.73,3.0,3.04,3.29
2019-01-29,2019-01-29,2.79,2.62,2.71,2.76,2.98,2.83,2.75,2.77,2.91,2.89,3.02,3.18
2019-01-30,2019-01-30,2.88,2.44,2.96,2.9,2.89,2.88,2.9,2.81,2.86,2.86,2.95,3.08
2019-01-31,2019-01-31,2.33,2.32,2.66,3.14,2.99,2.67,2.67,2.73,2.76,2.79,2.87,3.05
2019-02-01,2019-02-01,2.7,2.6,2.68,2.94,2.89,2.98,2.82,2.91,2.83,2.85,3.0,3.38
2019-02-04,2019-02-04,2.7,2.46,2.87,2.86,2.89,3.0,2.73,2.81,2.86,2.97,3.04,3.42
2019-02-05,2019-02-05,2.7,2.54,2.65,2.78,3.1,2.97,2.87,2.89,2.91,2.91,2.97,3.46
2019-02-06,2019-02-06,2.79,2.62,2.56,2.82,2.99,2.9,2.97,2.76,2.86,2.94,2.95,3.38
2019-02-07,2019-02-07,2.7,2.45,2.61,2.79,2.9,2.76,2.83,2.69,2.88,2.88,2.91,3.48
2019-02-08,2019-02-08,2.83,1.86,2.58,2.57,2.86,2.83,3.12,2.43,2.77,2.86,2.91,3.44
2019-02-11,2019-02-11,2.69,1.95,2.67,2.37,2.99,2.8,3.13,2.51,2.75,2.92,2.77,3.21
2019-02-12,2019-02-12,2.79,2.36,2.83,2.59,2.93,2.74,2.86,2.62,2.88,2.87,2.84,3.24
2019-02-13,2019-02-13,2.78,2.69,2.92,2.52,2.95,2.82,2.81,2.92,2.86,2.87,2.9,3.27
2019-02-14,2019-02-14,2.78,2.69,2.92,2.73,2.95,2.76,2.8,2.88,2.81,2.9,2.89,3.08
2019-02-15,2019-02-15,3.1,2.38,3.07,2.68,2.89,2.84,2.74,2.87,2.81,2.89,2.93,3.11
2019-02-18,2019-02-18,2.6,2.7,2.92,2.69,2.76,2.51,2.82,3.3,2.84,2.9,2.93,3.12
2019-02-19,2019-02-19,2.69,2.69,2.63,2.73,2.84,2.81,2.66,2.85,2.79,2.91,2.83,3.11
2019-02-20,2019-02-20,2.7,2.7,2.7,2.68,2.89,2.82,2.67,2.71,2.84,2.9,2.84,3.06
2019-02-21,2019-02-21,2.6,2.61,2.8,2.64,2.95,2.88,2.69,2.86,2.87,2.94,2.91,3.14
2019-02-22,2019-02-22,2.14,2.94,2.85,2.71,2.92,2.81,2.72,2.81,2.87,2.89,2.94,3.09
2019-02-25,2019-02-25,2.6,2.44,2.78,2.74,2.83,2.91,2.76,2.78,2.86,2.97,2.93,3.02
2019-02-26,2019-02-26,2.51,2.87,2.66,2.72,2.84,2.88,2.74,2.79,2.84,2.89,2.88,3.29
2019-02-27,2019-02-27,2.79,2.34,2.76,2.7,2.82,3.08,2.83,2.88,2.85,2.86,2.9,3.35
2019-02-28,2019-02-28,2.69,2.6,2.62,2.75,2.94,2.95,2.82,2.89,2.87,2.87,3.04,3.24
2019-03-01,2019-03-01,3.1,2.76,2.62,2.7,2.9,2.89,2.96,2.92,2.83,3.01,3.03,3.19
2019-03-04,2019-03-04,2.87,2.33,2.99,2.65,2.85,2.93,2.89,2.96,2.9,2.9,2.99,3.18
2019-03-05,2019-03-05,2.87,2.83,2.64,2.7,2.82,2.98,2.88,2.93,2.89,2.91,2.86,3.4
2019-03-06,2019-03-06,2.69,2.59,2.68,2.77,2.73,2.97,2.85,2.88,2.88,2.85,2.86,3.26
2019-03-07,2019-03-07,2.87,2.49,2.6,2.66,2.85,2.87,2.92,2.84,2.88,2.72,2.84,3.22
2019-03-08,2019-03-08,2.68,2.76,2.67,2.6,2.91,2.81,2.85,2.85,2.85,2.74,2.81,3.18
2019-03-11,2019-03-11,2.77,2.75,2.69,2.61,2.95,2.73,2.91,2.85,2.81,2.76,2.84,3.05
2019-03-12,2019-03-12,2.77,2.58,2.71,2.62,2.91,2.84,2.82,2.83,2.81,2.78,2.76,3.11
2019-03-13,2019-03-13,2.69,2.59,2.51,2.71,2.89,2.78,2.94,2.79,2.81,2.81,2.84,3.14
2019-03-14,2019-03-14,2.51,2.11,2.81,2.71,2.69,2.87,2.78,2.96,2.76,2.74,2.82,3.35
2019-03-15,2019-03-15,2.82,1.75,2.61,2.62,2.89,2.82,2.82,2.71,2.78,2.7,2.85,3.21
2019-03-18,2019-03-18,2.42,2.45,2.5,2.63,2.92,2.92,2.73,2.8,2.78,2.8,2.86,3.18
2019-03-19,2019-03-19,2.33,2.54,2.42,2.59,2.93,2.9,2.71,2.82,2.84,2.79,2.85,3.11
2019-03-20,2019-03-20,2.42,2.45,2.48,2.55,2.91,2.73,2.91,2.79,2.78,2.74,2.69,3.17
2019-03-21,2019-03-21,2.5,2.36,2.55,2.62,2.76,2.89,2.75,2.78,2.81,2.73,2.64,3.13
2019-03-22,2019-03-22,2.68,2.38,2.46,2.65,2.78,2.85,2.89,2.91,2.73,2.56,2.59,3.04
2019-03-25,2019-03-25,2.5,2.44,2.46,2.69,2.84,2.91,2.79,2.78,2.72,2.51,2.57,2.89
2019-03-26,2019-03-26,2.42,2.2,2.48,2.72,2.78,2.79,2.85,2.81,2.73,2.57,2.62,2.96
2019-03-27,2019-03-27,1.98,2.48,2.58,2.71,2.62,2.91,2.71,2.79,2.65,2.54,2.53,2.94
2019-03-28,2019-03-28,2.15,2.3,2.49,2.63,2.84,2.8,2.68,2.73,2.73,2.58,2.53,2.98
2019-03-29,2019-03-29,2.42,1.97,2.69,2.62,2.79,2.99,2.65,2.75,2.74,2.54,2.58,2.93
2019-04-01,2019-04-01,2.15,2.47,2.55,2.53,3.0,2.67,2.75,2.82,2.76,2.77,2.63,2.96
2019-04-02,2019-04-02,2.15,2.38,2.5,2.61,2.79,2.81,2.68,2.8,2.62,2.64,2.62,2.85
2019-04-03,2019-04-03,2.51,2.27,2.57,2.54,2.75,2.84,2.89,2.68,2.64,2.66,2.65,2.91
2019-04-04,2019-04-04,2.5,2.35,2.54,2.55,2.71,2.84,2.61,2.86,2.67,2.62,2.64,2.91
2019-04-05,2019-04-05,2.55,2.51,2.49,2.54,2.79,2.68,2.67,2.87,2.68,2.55,2.64,2.87
2019-04-08,2019-04-08,2.5,2.52,2.53,2.65,2.79,2.71,2.62,2.83,2.75,2.62,2.64,2.93
2019-04-09,2019-04-09,2.5,2.43,2.6,2.63,2.77,2.68,2.62,2.68,2.72,2.64,2.56,3.01
2019-04-10,2019-04-10,2.51,2.44,2.55,2.63,2.85,2.72,2.66,2.62,2.75,2.58,2.58,3.03
2019-04-11,2019-04-11,2.51,2.61,2.53,2.59,2.84,2.73,2.69,2.73,2.8,2.63,2.58,3.04
2019-04-12,2019-04-12,2.69,2.47,2.62,2.61,2.78,2.82,2.74,2.68,2.86,2.72,2.64,2.97
2019-04-15,2019-04-15,2.5,2.52,2.7,2.63,2.73,2.89,2.76,2.8,2.79,2.77,2.71,2.94
2019-04-16,2019-04-16,2.87,2.66,2.75,2.69,2.57,2.99,2.68,2.72,2.81,2.72,2.74,3.21
2019-04-17,2019-04-17,2.87,2.91,2.71,2.65,2.54,3.04,2.69,2.76,2.79,2.68,2.74,3.13
2019-04-18,2019-04-18,2.87,2.66,2.75,2.68,2.53,3.15,2.72,2.79,2.8,2.63,2.74,3.13
2019-04-19,2019-04-19,3.09,2.55,2.72,2.68,2.48,3.15,2.72,2.79,2.8,2.63,2.74,3.14
2019-04-22,2019-04-22,2.87,2.66,2.71,2.76,2.7,2.78,2.71,2.8,2.75,2.65,2.75,3.02
2019-04-23,2019-04-23,3.05,2.65,2.69,2.67,2.76,2.94,2.76,2.83,2.69,2.64,2.7,3.23
2019-04-24,2019-04-24,2.78,2.67,2.79,2.75,3.0,2.65,2.62,2.73,2.66,2.61,2.64,3.2
2019-04-25,2019-04-25,2.78,2.75,2.81,2.65,2.81,2.83,2.78,2.8,2.68,2.65,2.69,3.27
2019-04-26,2019-04-26,2.96,2.5,2.71,2.67,2.86,2.74,2.73,2.77,2.65,2.62,2.67,3.26
2019-04-29,2019-04-29,2.69,2.51,2.71,2.66,2.94,2.66,2.8,2.8,2.65,2.65,2.66,3.02
2019-04-30,2019-04-30,2.37,2.73,2.74,2.67,2.91,2.55,2.77,2.82,2.64,2.64,2.63,3.35
2019-05-01,2019-05-01,2.64,2.47,2.75,2.67,2.91,2.57,2.8,2.85,2.71,2.67,2.69,3.43
2019-05-02,2019-05-02,2.15,2.3,2.57,2.58,2.95,2.64,2.7,2.81,2.69,2.68,2.72,3.3
2019-05-03,2019-05-03,2.54,1.82,2.6,2.68,2.85,2.51,2.83,2.78,2.63,2.65,2.69,3.33
2019-05-06,2019-05-06,2.59,2.5,2.54,2.61,2.77,2.64,2.78,2.82,2.64,2.56,2.65,3.06
2019-05-07,2019-05-07,2.67,2.57,2.6,2.65,2.66,2.72,2.86,2.69,2.67,2.58,2.64,3.24
2019-05-08,2019-05-08,2.67,2.49,2.56,2.55,2.7,2.76,2.68,2.8,2.65,2.55,2.64,3.02
2019-05-09,2019-05-09,2.57,2.32,2.49,2.56,2.7,2.72,2.71,2.7,2.58,2.57,2.5,3.13
2019-05-10,2019-05-10,2.65,2.53,2.51,2.58,2.64,2.68,2.69,2.71,2.6,2.55,2.65,3.14
2019-05-13,2019-05-13,2.55,2.63,2.68,2.54,2.68,2.57,2.62,2.69,2.48,2.47,2.59,2.84
2019-05-14,2019-05-14,2.55,2.63,2.74,2.53,2.67,2.63,2.67,2.7,2.5,2.42,2.58,2.98
2019-05-15,2019-05-15,2.74,2.71,2.65,2.54,2.64,2.66,2.66,2.65,2.5,2.39,2.45,2.76
2019-05-16,2019-05-16,2.82,2.54,2.72,2.61,2.55,2.73,2.69,2.81,2.51,2.37,2.44,2.82
2019-05-17,2019-05-17,3.04,2.52,2.72,2.69,2.43,2.89,2.69,2.72,2.55,2.46,2.4,2.82
2019-05-20,2019-05-20,3.07,2.35,2.85,2.64,2.76,2.69,2.64,2.86,2.55,2.48,2.45,2.76
2019-05-21,2019-05-21,3.06,2.34,2.85,2.56,2.83,2.71,2.66,2.88,2.59,2.5,2.49,2.8
2019-05-22,2019-05-22,2.9,2.76,2.81,2.65,2.74,2.68,2.73,2.84,2.5,2.44,2.4,2.53
2019-05-23,2019-05-23,3.24,2.9,2.94,2.71,2.72,2.81,2.78,2.63,2.33,2.3,2.28,2.5
2019-05-24,2019-05-24,3.42,2.97,3.1,2.78,2.64,2.67,2.93,2.6,2.44,2.3,2.25,2.54
2019-05-27,2019-05-27,3.07,2.99,3.09,2.72,2.49,2.78,2.96,2.69,2.41,2.3,2.24,2.47
2019-05-28,2019-05-28,3.32,2.26,3.56,2.56,2.63,2.73,2.88,2.76,2.39,2.24,2.11,2.03
2019-05-29,2019-05-29,3.4,2.8,3.4,2.71,2.63,2.62,2.83,2.69,2.41,2.24,2.19,2.32
2019-05-30,2019-05-30,3.06,2.9,3.1,2.88,2.66,2.73,2.76,2.67,2.37,2.11,2.15,2.22
2019-05-31,2019-05-31,3.53,2.19,3.12,2.66,2.77,2.77,2.65,2.58,2.16,2.02,1.98,2.28
2019-06-03,2019-06-03,2.98,3.06,2.96,2.73,2.6,2.63,2.69,2.41,2.12,1.84,1.95,2.26
2019-06-04,2019-06-04,2.98,3.39,2.85,2.62,2.77,2.57,2.69,2.62,2.19,1.96,2.06,2.2
2019-06-05,2019-06-05,3.07,2.98,3.02,2.68,2.73,2.63,2.66,2.57,2.16,2.06,2.05,2.13
2019-06-06,2019-06-06,3.06,2.97,2.82,2.89,2.63,2.58,2.73,2.49,2.41,1.89,2.08,2.0
2019-06-07,2019-06-07,3.8,2.37,2.98,2.87,2.8,2.78,2.67,2.5,2.65,1.93,1.95,1.86
2019-06-10,2019-06-10,2.54,2.68,2.39,2.56,2.56,2.57,2.46,2.26,2.17,2.02,1.86,1.57
2019-06-11,2019-06-11,2.54,2.45,2.48,2.34,2.58,2.35,2.28,2.18,2.07,1.98,2.11,1.39
2019-06-12,2019-06-12,2.45,2.45,2.4,2.48,2.56,2.35,2.24,2.3,2.02,1.96,1.77,1.71
2019-06-13,2019-06-13,2.45,2.36,2.39,2.44,2.57,2.26,2.2,2.21,1.92,1.76,1.74,1.67
2019-06-14,2019-06-14,2.62,2.49,2.3,2.44,2.63,2.37,2.15,2.17,1.96,1.75,1.76,1.73
2019-06-17,2019-06-17,2.54,2.52,2.44,2.5,2.61,2.35,2.2,2.19,2.02,1.89,1.84,1.64
2019-06-18,2019-06-18,2.28,2.77,2.16,2.61,2.48,2.33,2.11,2.15,2.04,1.94,1.73,1.66
2019-06-19,2019-06-19,1.58,2.75,1.78,2.49,2.3,2.25,2.06,1.97,1.85,1.69,1.61,1.99
2019-06-20,2019-06-20,0.6,1.27,1.63,2.79,2.02,2.15,2.07,1.98,1.87,1.84,1.59,1.64
2019-06-21,2019-06-21,0.52,1.52,1.78,2.26,2.51,2.15,2.06,1.93,1.87,1.67,1.72,2.01
2019-06-24,2019-06-24,1.3,1.95,1.63,2.24,2.31,2.28,2.02,1.88,1.78,1.6,1.7,1.95
2019-06-25,2019-06-25,1.39,1.69,1.78,2.15,2.28,2.23,2.04,1.84,1.84,1.64,1.67,1.83
2019-06-26,2019-06-26,1.75,0.53,1.74,2.46,2.27,2.21,2.02,2.16,1.86,1.75,1.76,1.86
2019-06-27,2019-06-27,1.75,1.67,1.48,2.37,2.1,2.29,2.23,2.02,1.84,1.64,1.77,1.77
2019-06-28,2019-06-28,1.7,2.64,1.85,2.22,2.12,2.35,2.12,2.04,1.82,1.68,1.87,1.82
2019-07-01,2019-07-01,2.62,2.5,1.53,2.47,2.23,2.24,2.04,2.26,1.85,1.75,1.85,1.66
2019-07-02,2019-07-02,2.91,2.31,2.27,2.32,1.94,2.5,2.12,1.9,1.92,1.79,1.71,1.6
2019-07-03,2019-07-03,3.27,2.3,2.27,2.31,2.2,2.19,2.11,2.06,1.84,1.7,1.72,1.66
2019-07-04,2019-07-04,2.91,2.49,2.27,2.31,2.23,2.19,2.09,2.04,1.86,1.69,1.72,1.65
2019-07-05,2019-07-05,3.05,2.49,2.58,2.36,2.16,2.23,2.21,2.15,1.99,1.87,1.85,1.75
2019-07-08,2019-07-08,3.09,2.33,2.47,2.34,2.33,2.25,2.04,2.17,2.0,1.9,1.82,1.67
2019-07-09,2019-07-09,2.45,2.46,2.61,2.39,2.05,2.27,2.23,2.16,2.06,1.83,1.87,1.61
2019-07-10,2019-07-10,2.2,2.38,2.42,2.25,2.28,2.25,2.11,2.07,1.85,1.75,1.77,1.79
2019-07-11,2019-07-11,2.37,2.28,2.22,2.41,2.14,2.13,2.09,2.08,1.88,1.8,1.78,1.83
2019-07-12,2019-07-12,2.76,2.06,2.38,2.31,2.29,2.13,2.05,2.02,1.86,1.79,1.75,1.84
2019-07-15,2019-07-15,2.47,2.43,2.41,2.29,2.22,2.11,2.05,2.08,1.8,1.76,1.74,1.8
2019-07-16,2019-07-16,2.45,2.43,2.41,2.28,2.22,2.11,2.06,2.09,1.82,1.78,1.77,1.84
2019-07-17,2019-07-17,2.45,2.43,2.42,2.28,2.27,2.2,2.02,2.06,1.8,1.77,1.71,1.53
2019-07-18,2019-07-18,2.05,2.33,2.69,2.27,2.2,1.82,2.08,2.12,1.68,1.66,1.71,1.45
2019-07-19,2019-07-19,2.0,2.09,2.48,2.06,2.11,1.87,1.91,2.23,1.76,1.7,1.71,1.49
2019-07-22,2019-07-22,1.96,2.41,2.31,1.99,2.17,2.08,2.02,2.02,1.71,1.75,1.68,1.35
2019-07-23,2019-07-23,1.96,2.64,2.15,1.97,2.11,2.12,1.99,2.14,1.73,1.71,1.65,1.49
2019-07-24,2019-07-24,1.0,2.32,1.96,1.82,1.68,2.33,1.27,2.16,1.73,1.73,1.63,1.78
2019-07-25,2019-07-25,1.1,2.47,2.0,1.41,1.78,1.45,2.08,2.07,1.69,1.72,1.53,1.77
2019-07-26,2019-07-26,1.74,3.02,2.15,1.83,1.77,1.82,1.81,2.09,1.66,1.76,1.54,1.45
2019-07-29,2019-07-29,2.48,2.44,2.33,2.17,2.1,1.95,2.12,2.04,1.66,1.59,1.53,1.55
2019-07-30,2019-07-30,2.3,2.06,2.38,2.05,1.99,2.06,2.07,2.03,1.62,1.72,1.44,1.65
2019-07-31,2019-07-31,1.41,2.1,2.11,2.01,1.94,1.88,2.13,2.07,1.6,1.76,1.41,1.76
2019-08-01,2019-08-01,1.73,2.17,2.16,1.81,2.0,1.56,1.83,1.88,1.36,1.47,1.24,1.53
2019-08-02,2019-08-02,1.89,2.04,2.12,1.78,1.85,1.06,1.92,1.88,1.27,1.49,1.29,1.56
2019-08-05,2019-08-05,1.78,2.0,2.19,1.69,1.63,1.15,1.65,1.49,1.16,1.3,1.14,1.56
2019-08-06,2019-08-06,1.27,2.18,1.92,1.86,1.78,1.21,1.26,1.81,1.24,1.34,1.19,1.38
2019-08-07,2019-08-07,1.28,1.88,1.95,1.63,1.87,1.05,1.57,1.44,1.21,1.38,1.26,1.36
2019-08-08,2019-08-08,1.61,1.85,1.62,1.75,1.92,1.12,1.7,1.61,1.22,1.4,1.26,1.2
